id122,id145,id121,id104,id154,id140,id108,id119,id148,id134,id111,id113,id100,id149,id120,id110,id105,id133,id138,id131,id125,id139,id106,id112,id117,id128,id137,id143,id127,id102,id153,id132,id146,id150,id130,id136,activity1,activity2,activity3,activity4,activity5,activity6,activity7,activity8,activity9,degree_year,age,ethnicity_aa,ethnicity_ap,ethnicity_c,ethnicity_l,ethnicity_na,ethnicity_o,id,degree_doctorate,degree_master,degree_bachelor,degree_other,male,paper,degree_area_clean
6,6,6,6,6,6,6,6,6,6,6,5,6,6,6,6,6,6,6,6,6,6,6,6,6,6,6,6,6,6,6,6,6,6,6,6,3,3,5,4,4,5,5,5,4,1,23,0,0,1,0,0,0,281,1,0,0,0,0,0,Agricultural and Resource Economics
6,6,6,6,5,4,5,6,6,6,6,6,6,5,5,6,6,6,6,6,6,6,6,6,6,6,6,6,6,6,6,7,7,7,7,6,1,1,2,2,1,2,2,3,4,1,27,0,0,0,0,0,1,282,1,0,0,0,0,0,Economics
4,5,2,5,4,3,5,4,4,5,5,4,6,5,4,4,2,2,7,5,5,2,6,5,4,3,4,4,4,4,4,5,4,3,6,5,2,1,1,1,2,2,2,2,2,1,32,0,0,1,0,0,0,283,1,0,0,0,1,0,Economics
6,6,6,6,6,6,5,6,6,5,6,5,6,5,5,6,6,6,6,6,6,6,6,6,6,6,6,6,6,5,6,6,6,6,7,6,1,1,5,1,2,2,2,4,4,1,24,0,1,0,0,0,0,284,1,0,0,0,0,0,Agricultural and Resource Economics
6,7,6,5,5,7,2,5,6,3,6,2,5,5,5,5,5,3,5,5,6,5,6,7,5,6,2,5,4,5,6,5,3,5,5,3,2,1,1,2,2,3,2,1,1,1,26,0,0,1,0,0,0,285,1,0,0,0,1,0,Agricultural and Resource Economics
2,3,4,6,5,5,6,6,6,6,6,5,3,2,4,5,5,5,5,5,5,5,5,4,5,4,5,3,4,4,5,5,6,2,6,5,1,1,1,1,1,1,1,3,1,1,26,0,0,1,0,0,0,286,1,0,0,0,1,0,Agricultural and Resource Economics
5,6,6,7,5,3,6,6,5,6,4,5,3,3,5,5,5,4,5,5,5,4,5,5,6,4,6,5,5,4,5,6,7,4,7,5,1,1,1,1,6,4,2,4,1,1,27,0,0,1,0,0,0,287,1,0,0,0,1,0,Economics
4,6,7,7,6,5,7,5,6,7,5,4,5,6,6,5,6,5,7,6,5,5,6,7,6,5,7,6,5,5,6,6,7,6,7,6,1,1,1,2,2,2,2,2,2,1,38,0,0,1,0,0,0,288,1,0,0,0,1,0,Agricultural and Resource Economics
5,6,7,6,6,5,7,6,7,6,7,5,5,5,5,5,6,6,6,6,5,5,6,6,7,5,7,6,6,6,5,6,6,6,7,6,2,1,1,2,3,2,3,4,1,1,23,0,1,0,0,0,0,289,1,0,0,0,0,0,Agricultural and Resource Economics
6,6,6,6,6,7,6,6,6,7,5,6,6,5,7,5,6,6,7,6,6,5,6,7,6,6,5,6,5,6,6,6,6,6,6,7,2,1,2,1,5,3,5,3,1,1,23,0,0,1,0,0,0,290,1,0,0,0,1,0,Economics
5,5,6,5,5,6,5,4,6,6,6,6,3,5,6,5,6,5,6,6,6,6,6,6,5,5,5,6,5,5,5,6,6,5,6,6,2,1,6,6,3,6,3,5,3,1,22,0,0,1,0,0,0,291,1,0,0,0,1,0,Agricultural and Resource Economics
6,6,6,6,5,5,6,5,5,5,5,2,4,5,6,5,4,3,6,6,6,2,2,4,4,5,4,5,1,5,6,6,6,4,7,6,1,1,1,2,1,1,1,3,2,1,40,0,0,1,0,0,0,292,1,0,0,0,1,0,Agricultural and Resource Economics
5,5,6,6,5,5,4,6,7,4,4,5,4,5,3,3,3,3,5,5,6,4,5,3,5,5,6,6,4,4,6,7,7,6,7,5,3,3,4,4,6,4,4,5,4,2,25,0,1,0,0,0,0,293,1,0,0,0,0,0,NA
5,6,6,6,6,6,4,4,5,5,4,3,4,6,5,6,5,6,6,5,6,5,7,5,5,6,5,7,5,5,6,5,5,5,7,5,3,3,3,1,3,3,3,3,3,1,23,0,1,0,0,0,0,294,1,0,0,0,0,0,Economics
3,3,4,4,3,3,3,3,5,4,4,2,3,5,5,5,4,3,5,4,5,3,3,3,4,3,5,4,4,3,5,4,3,2,5,4,2,2,2,2,3,2,2,2,1,1,28,0,1,0,0,1,0,295,1,0,0,0,1,0,Agricultural and Resource Economics
4,6,5,5,5,6,6,5,6,7,7,5,6,4,6,4,6,6,7,6,6,6,7,6,6,5,6,6,6,7,6,6,4,5,6,6,4,4,1,2,4,5,4,4,1,1,29,0,0,1,0,0,0,296,1,0,0,0,0,0,Agricultural and Resource Economics
5,6,6,6,6,5,2,6,6,6,6,5,5,5,5,6,6,5,5,5,6,6,6,6,6,5,6,5,5,6,6,5,5,5,6,5,2,2,5,1,2,2,2,2,2,1,23,0,1,0,0,0,0,297,1,0,0,0,0,0,Agricultural and Resource Economics
1,1,1,1,1,1,5,5,6,5,5,5,6,5,5,5,7,4,7,6,5,5,5,6,7,5,6,5,6,6,6,7,5,5,6,6,4,3,2,1,4,4,4,4,4,1,32,0,0,1,0,0,0,298,1,0,0,0,1,0,Economics
6,6,7,6,6,6,7,7,6,7,7,3,7,7,6,6,7,6,7,7,7,6,6,7,7,7,6,7,6,7,7,7,7,6,7,6,1,1,1,1,4,2,1,4,1,1,29,0,0,1,0,0,0,299,1,0,0,0,0,0,Economics
2,6,6,6,3,3,5,6,6,6,6,2,3,6,5,6,5,5,2,6,6,5,5,6,5,5,5,6,3,3,6,5,5,2,6,3,1,1,5,1,1,1,4,1,1,1,24,0,1,0,0,0,0,300,1,0,0,0,1,0,Agricultural and Resource Economics
6,4,6,6,3,3,5,6,6,6,6,2,5,6,6,3,6,5,6,6,6,6,6,5,5,5,6,5,2,6,6,6,6,6,6,6,NA,NA,NA,NA,NA,NA,NA,NA,NA,NA,NA,NA,NA,NA,NA,NA,NA,301,NA,NA,NA,NA,NA,0,NA
5,7,7,5,4,6,6,6,5,6,6,3,7,6,6,6,7,6,7,7,7,6,6,6,6,6,4,6,6,6,7,6,6,6,6,6,1,1,1,1,3,3,2,7,1,1,27,0,0,1,0,0,0,302,0,1,0,0,0,0,Master of Business Administration
6,6,7,6,2,5,6,6,7,6,5,3,3,6,6,6,5,6,6,6,7,3,6,5,7,6,7,6,4,6,6,6,7,3,7,6,1,1,2,1,1,2,4,6,1,1,30,0,0,1,0,0,0,303,0,1,0,0,1,0,Master of Business Administration
7,7,6,6,7,7,6,6,7,7,7,6,6,6,6,5,6,7,7,7,7,6,7,7,7,7,7,6,7,7,7,7,7,6,6,6,5,5,6,7,7,7,7,7,7,1,31,0,1,0,0,0,0,304,0,1,0,0,1,0,Master of Business Administration
5,5,6,5,5,6,7,6,7,6,5,5,5,3,5,5,6,5,5,6,5,6,5,3,7,3,5,3,5,5,6,6,6,6,7,6,4,1,3,2,7,3,3,4,2,1,23,0,0,0,0,0,1,305,0,1,0,0,0,0,Master of Business Administration
5,5,5,5,5,5,4,4,5,3,4,4,5,5,5,5,4,4,6,6,6,6,6,6,6,6,6,6,6,6,5,6,6,6,6,6,1,1,1,1,NA,3,1,1,1,2,31,0,1,0,0,0,0,306,0,1,0,0,1,0,Economics
6,6,7,7,6,6,7,6,7,6,6,5,6,5,6,6,6,6,7,6,6,5,6,6,7,6,7,6,6,6,7,6,6,5,6,6,1,1,1,1,1,1,1,1,1,2,28,0,0,1,0,0,0,307,0,1,0,0,0,0,Master of Business Administration
6,6,7,7,5,6,7,6,7,6,6,6,5,6,6,6,6,5,7,6,6,6,6,7,7,6,7,5,6,6,6,6,7,5,6,6,1,1,1,4,7,6,6,4,1,3,31,0,0,1,0,0,0,308,0,1,0,0,1,0,Master of Business Administration
5,2,6,6,4,5,6,6,6,6,6,5,4,6,6,6,6,6,6,6,6,6,6,6,6,6,6,6,6,6,3,4,6,6,6,4,1,1,1,1,5,1,1,5,1,2,31,0,0,1,0,0,0,309,0,0,0,1,0,0,Master of Business Administration
7,7,7,5,6,6,7,7,7,6,7,6,6,7,6,7,6,7,6,6,7,6,7,7,7,5,5,6,5,5,7,6,7,5,7,6,3,3,3,4,5,4,4,5,5,1,27,0,1,0,0,0,0,310,0,1,0,0,0,0,Master of Business Administration
6,6,6,6,6,6,6,6,6,6,5,2,6,6,6,5,6,6,6,6,6,6,6,6,6,6,6,6,6,6,6,6,6,6,6,6,4,1,4,4,4,4,4,1,1,2,40,0,1,0,0,0,0,311,0,1,0,0,1,0,Master of Business Administration
6,7,7,3,3,5,6,7,7,5,3,2,3,5,5,6,4,5,5,4,7,5,6,6,7,5,5,7,5,5,7,6,7,2,7,3,1,1,1,1,3,6,6,7,1,NA,30,0,1,0,0,0,0,312,0,1,0,0,1,0,Master of Business Administration
3,6,6,5,3,5,6,6,6,6,4,3,5,6,3,6,6,5,6,6,5,3,5,4,6,4,7,6,7,6,6,6,6,6,7,7,1,1,1,3,1,2,1,1,1,2,29,0,0,1,0,0,0,313,0,1,0,0,1,0,Master of Business Administration
5,4,7,5,5,5,5,6,6,7,7,5,1,6,5,6,6,6,7,7,7,5,7,7,7,7,5,7,7,7,6,7,7,5,7,7,1,1,4,7,5,3,3,4,4,1,32,0,0,0,0,0,1,314,0,1,0,0,1,0,Master of Business Administration
7,5,7,6,7,7,6,5,6,6,5,5,7,6,7,6,7,7,7,7,6,7,5,7,7,6,7,6,7,7,5,7,7,6,7,7,6,4,1,2,3,5,5,7,4,2,29,0,0,1,0,0,0,315,0,1,0,0,1,0,Master of Business Administration
6,7,6,6,5,3,7,5,7,6,3,1,4,6,5,5,4,3,5,7,7,2,4,6,6,5,5,6,1,3,6,7,6,4,7,4,3,2,1,3,1,1,1,3,1,2,32,0,1,0,0,0,0,316,0,1,0,0,0,0,Master of Business Administration
3,5,6,5,3,5,5,4,7,5,5,3,6,5,6,4,5,4,7,5,5,3,5,6,7,4,5,4,4,6,5,6,5,3,6,4,2,2,5,1,4,4,4,5,4,2,34,0,1,0,0,0,0,317,0,1,0,0,0,0,Master of Business Administration
5,5,5,5,3,4,5,5,6,6,6,3,5,4,5,3,6,5,6,6,6,5,6,5,6,5,6,3,5,6,6,6,6,3,6,6,3,1,1,5,6,6,6,2,1,1,30,0,0,1,0,0,0,318,0,1,0,0,1,0,Economics
7,7,7,7,7,7,7,6,7,6,6,1,7,6,6,6,7,6,7,6,6,2,3,4,7,6,7,7,6,2,7,7,7,6,6,4,1,1,1,1,1,1,1,1,1,2,42,0,1,0,0,0,0,319,0,1,0,0,1,0,Master of Business Administration
6,6,7,6,5,5,6,6,7,6,6,5,6,6,6,6,6,6,6,5,7,5,6,6,7,7,7,6,6,7,7,7,7,7,7,7,5,5,1,4,6,5,6,7,4,2,28,0,1,0,0,0,0,320,0,1,0,0,1,0,Master of Business Administration
5,7,6,6,3,5,7,7,7,7,7,6,5,6,7,5,5,5,7,7,7,4,6,7,7,6,7,3,5,6,6,6,7,5,7,7,1,1,1,1,5,1,6,6,1,2,27,0,0,0,1,0,0,321,0,1,0,0,1,0,Master of Business Administration
6,6,7,5,5,6,6,5,7,6,6,5,4,5,5,5,5,5,6,6,6,5,6,6,7,6,6,6,6,6,5,7,7,6,7,6,2,2,2,3,3,2,2,4,2,2,34,0,0,0,0,0,1,322,0,1,0,0,1,0,Master of Business Administration
5,5,5,4,3,5,6,5,6,4,4,4,5,5,4,4,5,5,6,5,5,5,6,6,5,5,6,5,5,5,5,5,5,5,5,5,4,4,3,2,2,2,3,4,4,2,28,0,0,1,0,0,0,323,0,1,0,0,1,0,Agricultural and Resource Economics
5,5,7,6,5,6,7,6,7,6,6,7,5,6,5,5,5,5,7,6,6,5,6,6,6,5,6,6,5,6,6,7,7,6,6,7,1,1,1,1,2,3,2,5,1,2,31,0,0,1,0,0,0,324,0,1,0,0,1,0,Master of Business Administration
5,6,6,6,2,5,7,7,7,7,6,5,5,6,5,2,5,5,7,2,6,5,6,5,6,6,6,6,5,5,6,7,7,2,6,5,2,1,1,2,2,2,2,2,1,1,30,0,0,0,0,0,1,325,0,1,0,0,0,0,Master of Business Administration
6,6,6,6,6,6,7,7,7,5,6,5,6,7,7,7,5,5,6,6,6,5,6,6,6,6,5,6,4,4,7,7,5,5,7,5,1,1,1,2,2,3,2,6,1,2,27,0,1,0,0,0,0,326,0,1,0,0,0,0,Master of Business Administration
7,7,7,7,7,7,7,7,7,6,6,5,7,7,7,6,7,7,7,7,7,7,7,5,7,7,6,6,7,7,7,7,6,7,7,7,7,7,4,1,7,5,7,7,5,2,35,0,1,0,0,0,0,327,0,1,0,0,1,0,Master of Business Administration
6,7,7,5,5,5,6,7,7,6,5,6,4,5,6,6,6,3,7,5,6,3,5,6,7,4,5,5,6,6,7,5,6,6,6,7,3,1,3,5,4,5,4,6,2,2,31,0,0,1,0,0,0,328,0,1,0,0,1,0,Master of Business Administration
7,7,7,6,6,5,7,6,7,7,6,6,6,6,6,6,6,6,7,7,7,6,6,7,6,6,6,7,6,5,7,6,6,4,6,5,7,1,1,2,5,4,4,7,4,2,29,0,0,0,1,0,0,329,0,1,0,0,1,0,Master of Business Administration
6,6,6,5,5,5,6,5,7,5,6,5,5,6,4,5,6,5,6,5,7,5,5,5,6,5,7,6,6,4,7,7,6,4,7,6,2,1,1,2,2,2,2,6,2,1,32,0,1,0,0,0,0,330,0,1,0,0,1,0,Master of Business Administration
6,6,7,6,6,6,6,5,6,7,7,5,6,6,6,6,6,6,6,7,6,6,6,7,7,6,7,6,5,7,6,7,7,6,7,6,2,3,5,3,2,3,4,4,3,2,35,0,0,0,1,0,0,331,1,0,0,0,1,0,Computer Science
6,6,6,6,6,6,7,6,6,5,5,5,4,6,6,6,6,5,6,6,6,6,6,5,6,6,5,6,5,5,6,6,5,6,6,6,4,2,5,4,5,4,3,5,5,1,23,0,0,1,0,0,0,332,0,1,0,0,0,0,Animal Biology
5,5,7,7,6,6,7,6,7,7,7,5,6,6,6,6,7,5,6,6,6,6,7,7,7,6,6,5,5,6,5,6,6,3,7,6,1,5,6,5,5,6,6,6,7,2,32,0,0,1,0,0,0,333,1,0,0,0,1,0,Nutritional Biology
4,5,6,6,5,6,6,6,6,7,6,3,3,3,5,5,3,2,6,6,6,3,5,5,5,5,6,2,7,2,3,6,6,5,7,4,3,2,4,1,2,1,1,4,2,1,23,0,1,1,0,0,0,334,1,0,0,0,0,0,Ecology
7,7,7,7,7,5,5,6,7,6,7,7,6,6,6,6,6,6,6,6,6,7,7,5,7,6,6,5,6,7,5,7,7,7,7,7,3,2,7,1,5,4,3,4,2,2,26,0,0,0,1,0,0,335,1,0,0,0,1,0,Horticulture and Agronomy
7,7,7,7,7,7,7,7,5,7,7,6,7,7,7,7,7,6,7,7,7,7,7,7,6,6,7,7,7,7,7,7,7,7,7,7,4,4,6,6,6,6,6,6,6,2,26,0,0,1,0,0,0,336,1,0,0,0,0,0,Entomology
5,6,5,6,5,5,6,6,6,6,6,5,5,5,5,5,4,4,5,5,5,5,5,5,5,5,5,5,5,5,6,6,6,5,6,5,4,4,5,4,4,3,3,4,3,1,25,0,0,0,1,0,0,337,1,0,0,0,0,0,Animal Biology
5,6,7,7,6,6,6,6,7,7,7,6,6,6,7,6,7,6,7,6,7,6,7,7,7,6,7,6,7,6,7,7,7,6,7,7,6,7,5,6,7,5,5,7,5,1,23,0,0,0,1,0,0,338,1,0,0,0,0,0,Animal Biology
5,6,6,6,7,7,5,5,5,5,5,6,5,6,5,6,5,6,5,6,6,5,6,5,6,5,5,6,5,6,6,5,6,5,6,6,2,2,6,2,2,2,2,2,2,2,25,0,1,0,0,0,0,339,0,1,0,0,0,0,Horticulture and Agronomy
5,4,6,3,5,5,4,4,6,5,5,2,5,5,3,5,5,5,6,5,4,3,5,6,5,3,5,5,6,6,6,6,6,5,7,5,5,4,4,1,2,2,2,4,1,2,30,0,0,0,0,0,1,340,1,0,0,0,1,0,"Biochemistry, Molecular, Cellular and Developmental Biology"
7,7,7,7,7,7,7,7,7,6,5,4,7,7,7,6,7,7,7,7,7,6,7,7,7,6,7,7,5,7,7,7,6,7,7,7,6,5,4,1,3,2,4,5,4,3,34,0,0,1,0,0,0,341,1,0,0,0,1,0,Viticulture and Enology
6,7,7,5,6,6,7,6,7,6,6,5,5,7,7,7,6,5,7,7,7,5,5,7,7,7,5,7,6,5,7,7,6,6,7,6,4,1,6,1,4,5,3,5,4,1,23,0,0,1,0,0,0,342,0,1,0,0,1,0,Animal Biology
3,5,5,5,3,5,4,5,6,6,6,6,5,5,5,5,5,5,6,6,6,6,6,6,5,6,6,5,5,5,6,6,6,6,6,6,4,4,5,3,3,3,3,5,5,2,25,0,0,1,0,0,0,343,1,0,0,0,0,0,Pharmacology and Toxicology
5,7,7,6,5,5,6,4,6,3,5,2,5,6,3,3,6,3,6,6,6,5,6,6,6,5,4,5,5,5,5,7,6,5,7,5,3,4,5,3,4,2,2,6,2,1,23,0,0,1,0,0,0,344,1,0,0,0,0,0,Animal Biology
6,5,3,4,6,6,5,6,7,7,5,2,6,6,5,5,7,6,7,5,7,4,5,3,6,4,5,5,5,6,7,6,6,6,7,7,4,2,2,2,3,2,2,5,3,1,29,0,0,0,1,0,0,345,0,1,0,0,1,0,Horticulture and Agronomy
6,6,7,7,7,6,7,6,7,7,6,4,5,6,5,6,5,7,5,6,5,6,6,4,6,5,7,6,6,6,7,7,7,6,6,6,3,4,5,2,4,5,5,4,2,1,28,0,0,1,0,0,0,346,0,1,0,0,0,0,Horticulture and Agronomy
5,5,6,6,5,5,6,5,6,6,6,4,5,5,5,5,6,5,5,6,6,5,6,4,6,5,6,6,5,5,6,5,6,5,6,5,2,1,5,1,3,2,1,1,2,1,23,0,1,0,0,0,0,347,1,0,0,0,1,0,Horticulture and Agronomy
6,7,6,7,7,6,6,6,6,6,6,5,5,6,6,5,6,5,6,6,6,4,6,5,6,6,4,6,6,5,6,7,6,6,7,6,6,6,5,4,4,5,5,5,5,2,41,0,0,1,0,0,0,348,1,0,0,0,0,0,Animal Biology
4,5,6,6,3,5,3,5,7,3,4,2,6,5,6,5,6,6,7,5,5,5,7,7,7,7,7,7,4,6,3,6,6,3,7,5,5,1,5,1,2,4,2,4,1,1,25,0,0,1,0,0,0,349,0,1,0,0,0,0,Soils and Biogeochemistry
5,6,6,6,6,5,6,6,7,7,7,5,7,6,4,6,6,6,7,6,6,6,6,5,6,7,6,7,6,6,7,6,6,5,7,5,2,2,2,2,3,3,3,2,3,1,27,0,0,1,0,0,1,350,0,1,0,0,1,0,Soils and Biogeochemistry
6,6,7,7,7,7,6,7,7,7,7,7,7,7,7,7,7,7,7,7,7,7,7,7,7,6,6,6,7,7,7,7,7,7,6,6,6,4,7,4,4,6,4,6,6,1,26,0,1,0,0,0,0,351,1,0,0,0,0,0,Agricultural and Environmental Chemistry
4,6,6,7,6,5,7,7,7,6,6,6,5,6,6,6,6,6,7,7,7,7,6,6,6,6,6,6,6,6,7,6,6,6,6,7,2,4,4,1,4,4,4,4,4,2,24,0,1,1,0,0,1,352,1,0,0,0,1,0,Pharmacology and Toxicology
3,5,6,5,4,4,6,6,5,6,6,5,4,5,5,5,4,4,6,6,6,2,5,5,5,5,4,5,4,2,6,6,6,3,6,4,4,1,4,1,5,4,2,4,1,2,31,0,0,1,0,0,0,353,0,1,0,0,0,0,International Agricultural Development
7,6,7,4,7,7,7,5,7,3,7,3,6,2,4,4,7,5,7,6,6,4,5,7,4,5,6,6,6,6,7,7,6,4,7,6,2,2,1,1,2,2,3,2,1,2,23,0,0,1,0,0,0,354,1,0,0,0,1,0,Economics
7,7,6,7,6,7,7,5,6,7,7,6,7,5,7,6,6,7,7,6,6,7,7,5,6,5,6,6,7,7,6,7,5,7,7,6,5,4,5,5,7,6,5,3,5,2,24,0,0,1,0,0,0,355,1,0,0,0,0,0,Agricultural and Resource Economics
6,6,6,6,5,5,5,6,6,5,5,6,5,6,7,7,7,3,7,6,7,3,3,6,6,6,5,5,2,6,3,5,7,5,7,5,1,1,1,1,2,2,4,6,1,2,27,0,0,1,0,0,0,356,1,0,0,0,0,0,Agricultural and Resource Economics
2,5,6,5,5,5,4,3,4,5,5,4,2,4,3,5,5,2,5,5,3,5,5,5,2,2,3,6,3,3,2,6,5,5,5,5,1,1,1,1,1,2,2,1,1,2,23,0,0,1,0,0,0,357,1,0,0,0,1,0,Economics
4,5,5,5,4,4,5,6,6,6,6,2,4,3,2,5,4,4,5,5,6,4,6,5,4,5,5,6,5,2,7,5,6,4,5,4,1,1,3,3,4,2,2,4,2,2,25,0,0,1,0,0,0,358,1,0,0,0,0,0,Agricultural and Resource Economics
4,7,4,5,5,5,5,7,7,5,5,5,5,5,5,6,7,4,7,7,7,5,6,6,6,5,6,5,5,5,7,7,7,7,7,7,5,5,5,4,7,4,4,5,5,1,27,0,0,1,1,0,0,359,1,0,0,0,0,0,Animal Biology
2,5,6,5,4,7,6,7,7,6,5,4,4,7,2,6,2,3,6,6,7,2,5,5,5,6,6,7,4,4,7,7,7,2,7,3,2,1,2,1,2,3,3,3,2,1,23,0,0,1,0,0,1,360,1,0,0,0,0,0,Education (Doctor of Philosophy)
6,4,6,5,6,6,7,5,4,5,5,4,6,4,7,5,7,6,7,6,7,6,7,7,7,4,7,3,5,7,7,7,7,4,6,5,3,4,1,1,5,6,6,5,5,1,24,0,0,1,0,0,0,361,0,1,0,0,0,0,Education (Master of Arts)
6,6,7,6,5,6,7,5,7,6,6,5,6,5,6,6,7,5,7,7,6,5,6,5,7,6,7,6,6,6,6,7,7,7,7,6,5,3,6,5,6,5,5,5,3,1,26,0,0,1,0,0,0,362,0,1,0,0,0,0,Community Development
7,6,7,7,7,7,6,7,7,7,7,7,5,6,6,6,7,6,7,6,6,6,6,5,5,5,6,6,6,6,5,7,7,6,7,7,7,7,6,2,6,5,5,6,4,2,25,0,0,1,0,0,0,363,1,0,0,0,1,0,Human Development
6,6,7,7,6,7,7,7,7,7,7,6,6,7,6,6,7,6,7,6,7,6,7,5,7,7,7,6,7,6,7,7,7,6,7,6,6,6,6,3,4,4,5,6,5,2,36,0,0,1,0,0,0,364,1,0,0,0,0,0,Nursing Science and Health-Care Leadership (Doctor of Philosophy)
6,6,6,6,5,5,7,6,6,5,5,4,6,6,5,6,5,5,6,5,7,5,6,5,7,6,5,6,6,6,6,5,5,5,5,6,4,4,4,5,5,4,4,5,4,2,46,0,0,1,0,0,0,365,1,0,0,0,1,0,Educational Leadership (Capital Area North Doctorate in Educational Leadership)
6,5,6,6,6,5,6,5,5,6,6,5,6,5,6,4,6,4,7,6,6,5,5,6,6,5,6,5,5,6,6,6,6,6,7,6,4,4,5,2,5,4,5,4,3,2,23,1,0,0,0,0,0,366,1,0,0,0,1,0,Human Development
5,5,6,2,2,5,5,5,7,5,5,2,6,6,2,6,2,2,6,2,6,2,4,6,6,6,6,6,6,6,6,6,6,2,6,2,1,1,5,1,1,1,1,1,1,1,28,0,0,1,0,0,0,367,1,0,0,0,0,0,Education (Doctor of Philosophy)
5,3,6,3,5,3,6,6,7,5,7,3,6,2,5,5,5,4,7,6,6,3,4,6,6,3,6,3,6,5,6,7,6,5,6,4,3,3,2,1,3,4,4,4,3,1,40,0,0,1,0,0,0,368,1,0,0,0,1,0,Education (Doctor of Philosophy)
6,7,7,6,5,6,5,5,6,6,5,5,6,6,6,5,7,6,6,6,7,6,6,6,7,5,5,6,5,5,7,7,6,7,7,6,6,6,6,4,4,4,6,6,6,2,23,0,0,0,0,0,1,369,0,1,0,0,0,0,Child Development
5,6,6,7,6,5,4,7,7,6,5,4,3,4,4,5,6,5,6,5,6,5,5,3,6,6,6,5,6,5,6,7,7,6,7,6,1,1,4,1,6,4,3,5,4,1,31,0,0,0,0,0,1,370,1,0,0,0,1,0,Education (Doctor of Philosophy)
6,4,4,7,6,6,7,6,7,7,6,5,5,5,7,6,7,7,6,7,6,6,7,7,7,6,6,6,6,6,6,7,7,6,7,7,4,1,1,1,3,3,3,3,3,1,31,0,0,1,0,0,0,371,1,0,0,0,0,0,Education (Doctor of Philosophy)
3,3,5,4,5,6,6,5,7,6,5,4,4,4,5,5,6,6,6,5,6,5,5,5,6,6,7,6,7,6,6,7,7,5,7,6,1,1,6,1,5,3,3,3,1,1,23,0,0,1,0,0,0,372,0,1,0,0,0,0,Community Development
6,6,6,5,5,6,7,7,7,7,6,6,5,6,5,5,5,5,5,5,6,6,6,5,6,5,6,6,7,5,6,7,6,6,7,5,3,2,4,2,4,2,5,4,4,2,28,0,0,1,0,0,0,373,1,0,0,0,0,0,Human Development
5,5,5,5,4,4,6,6,5,6,5,6,4,5,4,5,4,4,6,6,6,4,5,5,5,6,5,6,5,4,6,6,5,4,6,4,2,2,4,2,4,3,3,2,2,3,32,0,1,0,0,0,0,374,1,0,0,0,1,0,Sociology
4,5,6,7,6,7,7,7,7,7,7,7,7,4,7,7,7,6,7,7,7,7,7,7,7,6,7,6,7,7,6,7,6,7,7,7,3,1,3,1,3,4,5,5,3,1,40,0,0,0,1,0,0,375,1,0,0,0,0,0,Education (Doctor of Philosophy)
6,6,5,6,6,6,5,5,5,5,6,6,6,5,5,6,6,5,4,5,5,5,5,6,5,5,4,5,6,4,5,6,4,5,6,6,5,2,4,3,5,4,5,6,3,4,31,0,0,1,0,0,0,376,1,0,0,0,0,0,Education (Doctor of Philosophy)
7,6,7,7,6,6,6,6,6,6,6,6,6,6,6,6,7,6,7,7,7,6,7,6,7,6,7,6,7,7,7,7,7,6,7,7,3,2,2,3,5,3,5,3,3,3,37,0,0,1,0,0,0,377,1,0,0,0,0,0,Education (Doctor of Philosophy)
6,6,4,5,5,5,6,6,7,6,5,6,5,5,6,6,6,5,5,6,5,4,5,4,6,6,5,6,5,4,5,7,6,6,6,4,3,3,7,2,3,3,2,4,4,2,35,1,0,0,0,0,0,378,1,0,0,0,0,0,Nutritional Biology
6,6,6,6,6,6,6,6,6,6,6,6,6,6,6,6,6,6,6,6,6,6,6,6,6,6,6,6,6,6,6,6,6,6,6,6,3,3,3,3,3,3,3,3,3,4,34,0,0,1,0,0,0,379,1,0,0,0,1,0,Education (Doctor of Philosophy)
7,7,7,7,7,7,7,7,7,5,5,3,7,7,7,7,7,7,7,6,6,3,6,6,7,7,5,6,7,7,7,7,6,5,7,7,5,1,4,5,5,4,4,2,4,6,43,1,0,0,0,0,0,380,1,0,0,0,0,0,Education (Doctor of Philosophy)
7,7,5,7,6,6,6,6,7,6,7,5,5,6,6,6,6,7,7,6,7,6,7,7,6,6,7,6,6,6,7,7,7,7,7,6,NA,NA,NA,NA,NA,NA,NA,NA,NA,NA,NA,0,0,0,0,0,0,381,NA,NA,NA,NA,NA,0,NA
5,5,3,6,5,5,7,7,3,5,4,4,6,6,6,6,6,6,5,6,6,6,6,6,6,6,4,7,4,6,6,7,6,6,6,7,4,1,4,4,4,5,5,3,2,1,21,0,1,0,0,0,0,382,0,1,0,0,0,0,Computer Science
4,5,6,6,5,5,5,5,7,6,6,6,6,4,5,5,5,5,6,6,6,5,6,6,6,5,7,5,6,7,6,6,7,5,7,6,4,4,4,2,4,6,5,4,5,5,39,0,0,0,0,0,1,383,1,0,0,0,1,0,Education (Doctor of Philosophy)
6,6,7,5,5,5,6,6,7,7,5,5,5,5,6,6,6,5,6,6,6,5,6,6,7,6,6,6,5,6,6,7,7,5,6,5,6,6,4,5,7,7,7,6,7,8,NA,0,0,1,0,0,0,384,1,0,0,0,1,0,Education (Doctor of Philosophy)
5,5,6,6,6,5,5,6,6,6,6,6,6,4,5,4,5,5,7,5,6,5,5,6,5,6,5,6,5,6,6,5,6,5,5,6,6,5,6,5,3,3,5,5,2,2,25,0,1,0,0,0,0,385,1,0,0,0,1,0,Civil and Environmental Engineering
6,6,6,6,6,6,5,5,5,5,5,5,6,6,6,6,6,6,6,6,6,6,6,6,4,6,6,6,6,6,6,6,6,6,6,6,2,3,4,1,1,1,1,1,2,1,24,0,1,0,0,0,0,386,0,1,0,0,0,0,Statistics
6,5,6,6,6,7,6,6,6,6,6,6,6,6,6,6,6,6,7,6,5,5,6,6,5,6,7,6,6,7,5,5,5,6,5,5,3,4,2,3,2,2,2,3,3,NA,25,0,1,0,0,0,0,387,0,1,0,0,1,0,Statistics
5,6,5,6,5,5,6,5,7,6,7,7,6,5,5,6,6,6,7,6,6,6,6,6,6,6,6,7,6,5,6,5,5,6,6,6,4,3,5,2,6,7,6,4,4,1,25,0,1,0,0,0,0,388,1,0,0,0,1,0,Communication
6,6,6,6,6,6,6,6,6,6,6,5,6,5,6,6,6,6,6,6,6,6,6,6,6,6,6,6,6,6,6,6,6,6,6,6,5,4,5,1,7,5,5,5,5,NA,NA,0,0,0,0,0,0,389,NA,NA,NA,NA,NA,0,NA
7,7,7,4,5,7,5,5,5,3,5,3,6,6,5,5,6,6,7,7,7,6,6,6,6,5,5,6,6,6,5,7,6,6,6,7,4,1,2,1,2,2,3,4,1,1,31,0,0,1,0,0,0,390,0,1,0,0,1,0,Statistics
6,6,6,6,6,6,6,6,6,6,6,6,6,6,6,6,6,6,6,6,6,6,6,6,6,6,6,6,6,6,6,6,6,6,6,6,4,4,4,4,4,4,4,4,4,2,25,0,0,1,0,0,0,391,1,0,0,0,0,0,"Biochemistry, Molecular, Cellular and Developmental Biology"
7,7,7,7,7,7,7,7,7,7,7,7,7,7,7,7,7,7,7,7,7,7,7,7,7,7,7,7,7,7,7,7,7,7,7,7,5,5,5,2,4,4,4,5,5,1,36,0,0,1,0,0,0,392,1,0,0,0,0,0,"Molecular, Cellular and Integrative Physiology"
6,6,6,6,5,6,6,6,6,6,6,6,6,6,6,6,6,6,6,6,6,6,6,6,6,6,6,6,6,6,6,6,6,6,6,6,4,4,5,4,5,4,4,4,4,2,27,0,0,1,0,0,0,393,1,0,0,0,0,0,"Biochemistry, Molecular, Cellular and Developmental Biology"
7,6,6,6,6,6,4,5,6,6,5,5,6,6,6,5,7,6,5,6,6,5,5,5,6,6,4,5,5,5,6,6,6,4,7,7,3,4,5,4,5,5,3,5,5,3,25,0,1,0,0,0,0,394,1,0,0,0,0,0,Mechanical and Aerospace Engineering
3,4,6,5,5,6,6,6,7,5,3,2,5,5,6,3,4,2,7,5,5,5,6,3,5,5,6,3,6,4,6,7,7,4,7,5,2,2,2,1,2,5,2,3,1,2,26,0,0,1,0,0,0,395,1,0,0,0,1,0,Microbiology
6,7,6,4,5,7,6,6,7,4,3,3,5,6,5,6,6,6,6,6,7,4,5,6,7,7,6,7,5,5,7,7,4,4,7,6,6,4,5,4,5,4,4,5,5,2,25,0,1,0,0,0,0,396,1,0,0,0,0,0,Materials Science and Engineering
6,6,7,7,7,6,6,6,6,6,6,4,7,6,6,5,7,6,7,3,6,6,5,5,6,4,6,6,6,7,7,7,4,6,6,7,7,5,4,4,7,6,5,6,5,3,38,0,0,0,1,0,0,397,1,0,0,0,0,0,Education (Doctor of Philosophy)
4,5,6,5,4,4,5,4,7,6,7,3,5,4,5,4,5,5,6,6,5,4,5,3,7,5,6,7,4,4,6,7,7,7,7,7,6,6,4,1,5,4,5,5,5,2,24,0,1,0,0,0,0,398,1,0,0,0,0,0,Education (Doctor of Philosophy)
5,7,6,7,6,5,6,6,6,7,7,5,4,5,5,6,6,5,5,6,7,5,6,5,6,5,5,6,6,6,5,6,6,7,6,6,4,4,4,3,5,5,6,4,4,6,36,0,0,1,0,0,0,399,1,0,0,0,1,0,Education (Doctor of Philosophy)
2,6,5,3,3,2,7,6,7,7,5,5,5,6,6,6,3,3,5,3,6,2,5,2,6,6,4,6,6,5,6,7,6,2,7,7,5,NA,2,2,4,2,4,2,4,NA,NA,0,0,1,0,0,0,400,1,0,0,0,0,0,NA
7,7,7,7,7,7,7,7,7,7,7,7,7,7,7,7,7,7,6,7,7,7,7,7,7,7,7,7,7,7,7,7,7,7,7,7,4,2,4,2,4,4,4,5,5,4,34,1,0,0,0,0,0,401,1,0,0,0,1,0,Education (Doctor of Philosophy)
7,7,7,7,7,7,7,7,7,7,7,7,7,7,7,7,7,7,7,7,7,7,7,7,7,7,7,7,7,7,7,7,7,7,7,7,7,1,3,3,7,7,6,6,5,4,31,0,1,0,0,0,0,402,1,0,0,0,0,0,Education (Doctor of Philosophy)
7,7,7,7,6,7,5,4,7,7,5,2,7,6,6,6,6,6,6,7,7,6,6,7,7,7,6,7,5,6,6,7,7,6,7,7,6,6,4,4,5,4,5,6,4,5,28,0,0,1,0,0,0,403,1,0,0,0,0,0,Human Development
6,7,7,6,6,7,7,6,7,6,7,5,7,6,7,7,7,6,7,7,7,6,7,7,7,7,7,7,7,6,7,7,7,7,7,6,2,4,5,6,5,3,4,6,4,5,30,0,0,0,0,0,1,404,1,0,0,0,0,0,Education (Doctor of Philosophy)
6,7,7,7,6,6,7,7,7,6,6,5,6,6,6,6,6,6,7,6,7,6,6,6,6,7,7,6,6,6,7,6,7,6,7,6,5,3,1,3,4,3,4,4,5,6,35,0,0,1,0,0,0,405,1,0,0,0,1,0,Education (Doctor of Philosophy)
7,7,7,5,5,6,6,5,7,7,5,4,7,6,7,6,7,5,7,5,6,5,6,6,7,6,7,5,6,6,7,7,7,7,7,6,4,7,7,6,7,5,7,7,7,3,NA,0,0,0,0,0,1,406,1,0,0,0,0,0,Education (Doctor of Philosophy)
5,6,6,7,6,5,5,4,6,7,6,6,3,4,3,6,6,3,3,5,6,3,6,5,6,5,6,6,4,5,2,6,6,6,6,3,4,4,5,1,6,6,6,2,3,1,27,0,1,0,0,0,0,407,1,0,0,0,0,0,Education (Doctor of Philosophy)
5,7,7,7,5,5,7,7,7,7,7,6,6,6,7,6,6,6,6,6,7,6,6,6,4,7,6,7,7,5,6,7,6,7,7,6,3,2,1,2,4,5,4,3,5,7,42,0,0,1,0,0,0,408,1,0,0,0,0,0,Education (Doctor of Philosophy)
6,5,4,6,6,7,6,6,6,7,6,5,6,6,6,5,7,6,6,5,6,5,6,5,7,6,6,5,7,6,6,7,6,6,7,6,5,5,4,4,4,5,5,5,5,4,25,0,0,1,0,0,0,409,1,0,0,0,0,0,Psychology
6,7,7,7,7,7,6,7,7,7,7,6,6,7,7,6,7,7,7,7,7,6,7,7,7,7,7,7,7,7,7,7,7,6,7,7,6,4,6,4,6,5,5,5,5,5,34,0,0,1,0,0,0,410,1,0,0,0,0,0,Education (Doctor of Philosophy)
7,5,7,7,6,7,5,5,6,5,4,2,7,5,5,5,7,7,5,3,4,7,6,5,4,4,5,4,5,7,6,6,5,7,7,7,5,5,4,3,3,4,6,7,7,4,31,0,0,1,0,0,0,411,1,0,0,0,0,0,Education (Doctor of Philosophy)
3,6,5,6,3,7,6,3,6,6,6,5,2,5,6,3,7,2,6,6,6,2,5,5,5,5,5,5,3,2,6,7,6,5,7,5,4,4,5,4,7,7,4,4,5,4,30,0,1,0,0,0,0,412,1,0,0,0,0,0,Education (Doctor of Philosophy)
6,5,6,4,6,4,7,6,6,5,6,4,4,6,5,6,7,5,7,7,6,5,6,6,6,5,6,6,6,5,7,7,6,6,7,5,5,3,2,3,3,2,3,5,4,5,33,0,1,0,0,0,0,413,1,0,0,0,1,0,Education (Doctor of Philosophy)
4,7,7,5,6,6,5,6,7,5,5,3,6,5,6,5,7,5,7,6,6,4,6,7,7,6,7,6,6,5,7,7,7,5,7,6,2,2,4,3,5,4,4,5,4,3,30,0,0,1,0,0,0,414,1,0,0,0,1,0,Psychology
7,5,6,7,6,6,6,5,7,6,5,5,7,5,6,6,7,5,7,7,5,5,7,7,7,5,7,5,6,7,6,7,6,6,7,7,2,4,6,4,5,5,5,5,4,2,30,1,0,0,0,0,0,415,1,0,0,0,0,0,Education (Doctor of Philosophy)
7,6,7,7,7,5,6,7,7,6,5,5,6,6,7,5,7,5,7,6,6,5,6,7,7,5,7,5,6,6,7,7,7,6,7,7,6,6,2,2,5,5,4,6,6,4,35,0,0,1,0,0,0,416,1,0,0,0,0,0,Psychology
6,7,7,7,6,5,6,7,7,6,4,4,6,6,5,6,6,5,7,6,6,5,5,7,6,6,5,6,4,6,6,7,7,5,7,6,3,2,3,3,5,4,5,3,3,1,30,0,0,1,0,0,0,417,1,0,0,0,0,0,Psychology
7,6,5,7,7,7,6,5,5,5,7,5,7,5,7,5,7,5,5,5,5,5,6,6,6,6,6,5,7,7,7,7,7,7,7,6,3,2,2,1,6,3,4,7,5,2,24,0,0,1,0,0,0,418,1,0,0,0,0,0,Psychology
4,7,3,5,5,5,5,5,3,6,5,4,6,6,6,6,6,6,6,6,6,6,6,5,3,6,6,6,4,6,7,6,6,6,5,6,2,1,2,2,2,2,2,3,2,2,28,0,0,1,0,0,0,419,1,0,0,0,0,0,Psychology
3,5,6,5,3,3,6,7,5,3,4,5,5,6,7,6,4,3,6,3,5,4,4,5,3,5,6,6,4,3,6,5,5,4,5,2,2,2,3,3,4,2,2,4,4,5,30,0,0,1,0,0,0,420,1,0,0,0,0,0,Economics
6,6,7,7,6,6,6,6,6,7,6,5,5,5,7,6,6,5,7,6,6,5,5,7,7,5,7,6,6,7,6,5,5,5,6,7,2,1,1,2,4,3,4,3,2,2,24,0,1,0,0,0,0,421,1,0,0,0,1,0,Psychology
5,3,7,5,5,3,5,2,6,6,7,2,6,5,5,3,6,3,7,5,2,3,6,5,7,3,7,3,6,5,5,7,7,7,7,5,6,4,2,2,4,4,1,6,4,1,26,0,0,1,0,0,0,422,1,0,0,0,0,0,Psychology
7,7,7,7,7,7,6,6,7,6,7,5,7,7,7,6,7,5,7,6,7,6,7,7,7,6,7,6,7,7,7,7,7,6,7,7,2,1,3,1,4,4,4,2,2,4,50,0,0,1,0,0,0,423,1,0,0,0,0,0,Education (Doctor of Philosophy)
6,6,6,6,6,6,7,6,7,7,7,6,7,7,7,6,6,6,6,6,7,6,7,7,7,7,7,7,7,7,7,7,7,6,7,7,7,7,7,1,7,7,7,5,7,1,55,0,0,0,1,1,0,424,1,0,0,0,0,0,Education (Doctor of Philosophy)
6,6,7,6,7,6,7,6,7,6,6,5,6,6,6,6,6,6,7,6,7,6,6,6,7,6,6,6,6,6,6,7,6,7,7,7,7,7,2,7,7,7,7,7,7,1,32,0,0,0,1,0,0,425,0,0,0,1,0,0,Education (Doctor of Philosophy)
6,7,7,5,5,5,7,6,6,7,5,5,4,4,4,5,4,4,6,6,7,4,6,6,7,7,7,7,6,6,6,6,6,5,6,4,4,3,4,1,3,1,2,3,3,3,26,0,0,1,0,0,0,426,1,0,0,0,0,0,Sociology
6,4,7,6,6,7,7,6,7,6,6,5,7,6,6,6,7,6,7,7,6,6,6,7,7,5,4,5,6,7,6,6,7,7,6,6,4,5,5,4,5,6,5,5,6,6,42,0,0,1,0,0,0,427,1,0,0,0,1,0,Education (Doctor of Philosophy)
7,7,7,6,5,5,6,6,6,6,6,5,5,7,5,6,6,5,6,6,7,6,6,6,6,7,6,7,6,5,7,7,6,6,6,6,4,2,3,1,3,3,3,2,4,5,29,0,0,1,0,0,0,428,1,0,0,0,0,0,Education (Doctor of Philosophy)
3,5,6,3,3,3,5,5,6,4,5,4,3,4,3,4,3,3,6,3,4,3,5,5,4,5,4,3,4,4,5,6,5,4,6,4,4,2,5,2,3,2,2,3,4,2,25,0,1,0,0,0,0,429,0,1,0,0,0,0,Integrative Genetics and Genomics
6,7,6,7,7,7,4,6,7,6,5,5,5,4,5,3,6,7,6,7,7,7,7,6,6,6,6,5,6,6,7,7,6,6,7,6,3,2,4,2,3,2,3,4,4,2,26,0,1,0,0,0,0,430,1,0,0,0,0,0,Plant Biology
3,5,6,5,5,5,6,6,6,5,5,4,3,4,5,4,3,3,6,3,5,3,4,3,4,5,5,5,5,5,5,6,6,3,6,4,5,5,5,3,2,2,3,3,3,2,25,0,0,0,0,0,1,431,1,0,0,0,0,0,"Biochemistry, Molecular, Cellular and Developmental Biology"
4,5,6,6,4,5,6,6,7,7,5,4,5,5,5,4,6,5,7,6,6,5,6,6,6,5,7,6,6,5,5,6,6,5,7,5,2,2,2,2,4,3,4,2,2,2,26,0,0,1,0,0,0,432,1,0,0,0,0,0,Psychology
5,6,6,3,5,5,4,5,6,6,6,6,5,5,5,5,5,5,7,7,6,5,5,5,5,5,6,5,5,5,5,6,6,5,7,5,6,3,3,3,5,5,4,6,6,2,38,0,0,1,0,0,0,433,1,0,0,0,1,0,Education (Doctor of Philosophy)
5,5,5,6,5,5,6,6,6,5,5,4,3,2,4,3,3,3,6,6,5,4,6,6,3,3,5,5,5,5,6,6,6,3,5,5,NA,NA,NA,NA,NA,NA,NA,NA,NA,NA,NA,0,0,0,0,0,0,434,NA,NA,NA,NA,NA,0,NA
3,3,3,6,3,3,6,6,7,6,5,4,4,5,5,6,6,3,6,6,6,3,5,5,5,6,6,6,5,5,6,6,6,4,6,6,1,1,1,1,2,2,3,1,1,4,47,0,1,1,0,0,0,435,1,0,0,0,0,0,Education (Doctor of Philosophy)
5,6,7,7,5,6,5,6,7,6,7,5,7,6,7,5,6,5,7,6,6,5,6,7,7,5,6,5,6,6,6,6,5,5,6,7,6,4,2,2,4,4,4,5,4,4,61,0,0,1,0,0,0,436,1,0,0,0,1,0,NA
7,6,7,7,7,7,7,7,7,7,7,6,6,7,6,7,7,7,7,7,7,7,7,7,7,7,7,7,6,7,7,7,7,7,7,7,7,7,6,5,5,5,5,7,7,5,31,0,0,1,0,0,0,437,1,0,0,0,0,0,Entomology
6,7,7,7,6,6,6,6,7,6,7,5,7,6,6,6,6,6,7,7,7,6,7,7,7,6,7,6,6,6,7,7,6,6,7,6,5,4,5,4,5,4,4,3,3,3,29,0,0,0,1,0,0,438,1,0,0,0,0,0,Education (Doctor of Philosophy)
6,5,6,6,6,6,6,6,7,6,6,5,5,5,6,6,6,5,6,6,5,5,6,6,6,5,6,5,6,6,5,7,7,6,7,6,1,3,3,1,2,2,2,4,1,2,29,0,0,1,0,0,0,439,1,0,0,0,1,0,Psychology
4,5,5,5,4,5,4,6,5,4,4,4,4,5,5,5,5,4,6,5,6,5,4,5,5,4,5,5,4,5,5,5,6,4,6,5,1,3,1,1,1,1,1,3,1,1,25,0,0,1,0,0,0,440,1,0,0,0,1,0,Statistics
3,3,5,5,3,5,5,5,5,5,5,5,5,5,5,5,5,5,5,5,5,4,5,3,4,5,4,5,4,3,2,7,6,3,7,7,2,4,3,1,6,4,4,6,1,1,23,0,1,1,0,0,0,441,0,1,0,0,0,0,Master of Public Health
5,6,6,5,5,3,5,6,6,5,4,4,5,4,5,4,5,3,6,6,6,3,5,5,6,5,5,3,5,5,5,6,6,4,6,5,3,4,4,2,4,3,3,4,2,1,26,0,1,0,0,0,0,442,0,1,0,0,0,0,Master of Public Health
6,6,6,6,5,5,6,6,7,7,6,5,6,5,7,5,7,5,7,7,6,7,6,6,7,6,5,5,6,6,7,6,7,7,6,6,7,7,5,3,3,3,3,7,7,2,24,0,0,0,1,0,0,443,1,0,0,0,0,0,Epidemiology
7,7,7,7,7,7,7,7,7,7,7,5,4,7,6,6,6,6,7,7,7,7,7,6,7,6,7,7,4,7,7,7,7,7,7,7,7,7,7,7,7,6,4,6,4,1,35,0,0,0,0,0,1,444,1,0,0,0,0,0,Epidemiology
7,6,6,7,7,7,7,7,7,6,7,5,5,6,6,5,6,6,7,6,6,3,5,6,7,6,6,3,5,5,6,7,7,6,7,5,5,4,5,2,4,3,2,5,5,1,22,0,0,1,0,0,0,445,0,1,0,0,0,0,Master of Public Health
5,6,7,5,6,7,6,6,7,6,3,3,3,6,5,5,6,6,5,5,6,3,6,6,7,7,6,6,5,3,1,6,5,6,7,5,6,4,3,1,6,4,4,6,6,1,25,0,1,0,0,0,0,446,1,0,0,0,0,0,Epidemiology
6,6,6,5,6,6,6,5,7,7,6,5,6,5,6,6,6,5,6,6,7,5,6,6,6,5,6,6,5,7,6,6,6,6,7,5,3,4,2,2,4,NA,3,5,4,2,36,0,0,1,0,0,0,447,1,0,0,0,0,0,Epidemiology
7,5,6,7,5,6,5,5,7,6,7,4,6,5,6,5,7,6,5,6,7,6,6,6,7,5,7,5,6,6,7,7,6,6,7,7,6,6,5,4,5,5,5,6,5,1,37,0,0,1,0,0,0,448,0,1,0,0,0,0,Preventive Veterinary Medicine
6,5,6,7,5,7,7,6,7,7,7,6,7,6,6,6,7,6,7,7,7,6,7,6,7,6,7,6,6,7,6,7,6,7,7,7,4,3,4,4,3,4,4,5,5,1,50,0,0,1,0,0,0,449,0,1,0,0,1,0,Preventive Veterinary Medicine
6,6,7,5,7,6,6,5,6,5,6,5,6,5,6,6,7,7,7,6,7,7,7,6,7,6,6,6,7,6,5,7,6,6,7,5,5,5,6,3,4,5,5,5,5,1,26,0,0,1,0,0,0,450,1,0,0,0,0,0,Integrative Pathobiology
5,6,5,6,5,5,6,6,6,6,6,5,6,6,6,6,6,6,6,5,6,5,6,6,6,6,5,6,6,6,6,6,6,5,6,6,4,4,4,2,2,2,3,4,4,1,38,0,0,1,0,0,0,451,0,1,0,0,1,0,Epidemiology
6,7,7,5,7,7,6,7,7,7,6,5,6,7,5,6,6,6,7,7,7,7,7,7,7,7,7,7,6,7,7,7,7,6,7,7,2,4,4,1,3,2,2,4,2,1,23,0,0,1,0,0,0,452,0,1,0,0,0,0,Master of Public Health
6,6,6,6,5,5,4,5,7,7,5,3,4,4,5,6,6,4,7,7,4,4,6,6,6,5,7,6,6,7,4,6,6,6,7,5,2,5,2,1,5,4,4,4,4,1,30,0,0,1,1,0,0,453,1,0,0,0,0,0,Epidemiology
6,6,5,6,3,4,6,4,5,7,5,5,5,3,6,4,6,5,6,6,5,5,7,6,5,2,3,3,2,5,5,5,4,4,7,5,7,7,2,1,4,4,5,7,5,2,25,0,0,1,0,0,0,454,1,0,0,0,0,0,Epidemiology
6,6,6,6,6,6,7,7,7,6,6,6,6,7,6,6,6,6,6,6,6,6,6,6,6,6,6,7,6,6,6,6,6,6,6,6,1,4,4,5,4,5,4,6,2,2,28,0,0,1,0,0,0,455,0,1,0,0,1,0,Electrical and Computer Engineering
7,6,7,6,6,6,6,7,7,6,5,3,5,5,6,6,7,5,7,6,7,6,6,5,6,5,6,6,6,5,6,7,5,7,7,6,4,2,3,4,3,3,5,5,6,1,22,0,0,1,0,0,0,456,0,1,0,0,1,0,Electrical and Computer Engineering
7,6,7,6,5,7,7,6,7,5,6,5,4,6,4,6,6,5,7,7,7,4,6,7,7,6,7,6,5,4,6,7,7,4,7,5,5,2,4,1,4,4,3,4,2,1,35,0,0,0,0,0,1,457,0,1,0,0,1,0,Electrical and Computer Engineering
2,5,7,3,4,5,5,7,6,3,2,5,5,7,5,6,5,3,7,6,5,3,5,6,5,6,3,6,3,5,6,5,7,3,6,3,4,1,2,1,1,1,2,1,1,2,40,0,0,1,0,0,0,458,1,0,0,0,1,0,Electrical and Computer Engineering
5,5,6,5,4,3,6,6,5,5,6,3,3,6,5,5,3,6,6,6,5,5,5,5,2,5,3,5,4,4,5,6,6,4,6,6,2,3,2,1,2,2,2,3,2,4,28,0,1,0,0,0,0,459,1,0,0,0,1,0,Statistics
6,6,6,5,6,5,6,6,6,6,6,5,6,6,6,6,6,6,6,6,6,6,6,6,6,6,5,6,6,6,6,6,6,6,6,6,5,4,4,2,3,2,2,4,4,2,31,0,1,0,0,0,0,460,0,0,0,1,0,0,NA
5,5,5,5,5,5,6,5,6,6,6,6,5,5,4,5,5,5,4,3,4,3,5,3,5,5,5,3,5,4,4,5,5,5,5,5,5,1,4,3,4,5,4,4,4,1,26,0,1,0,0,0,0,461,0,1,0,0,0,0,Clinical Research
5,5,7,6,6,6,6,6,7,7,7,5,6,6,6,6,6,6,7,6,6,6,6,5,7,5,6,5,6,6,6,6,6,6,7,6,4,4,4,4,4,4,4,5,4,1,39,0,1,0,0,0,0,462,0,0,0,1,0,0,NA
5,5,6,4,4,5,3,5,6,3,4,4,4,6,5,3,5,5,6,5,6,5,5,6,6,5,5,5,4,4,5,7,6,5,6,5,4,3,4,4,3,4,5,4,6,1,27,0,0,1,0,0,0,463,0,1,0,0,1,0,Clinical Research
5,5,6,6,5,5,6,7,7,6,6,6,5,6,6,6,6,5,7,6,7,5,6,6,7,6,6,7,6,5,7,6,6,6,6,5,5,4,4,5,4,2,3,5,5,2,36,0,0,1,0,0,0,464,0,1,0,0,0,0,Clinical Research
7,7,7,7,7,6,7,7,7,7,7,6,6,6,6,5,6,6,7,7,7,7,7,7,7,5,7,5,6,6,6,6,7,7,7,7,6,7,1,2,2,3,3,4,5,1,38,0,0,1,0,0,0,465,0,1,0,0,0,0,Clinical Research
6,6,7,5,6,5,6,5,7,6,5,5,6,6,6,5,6,5,6,6,6,5,6,6,7,6,6,6,5,6,6,7,7,6,7,6,7,7,6,5,7,6,7,7,7,2,38,0,0,1,0,0,0,466,0,1,0,0,1,0,Statistics
6,5,6,7,6,5,5,6,6,6,6,4,6,5,5,5,6,6,7,6,6,6,6,6,7,5,5,5,5,6,6,6,6,6,6,6,5,6,5,4,4,5,5,7,6,1,33,0,0,1,0,0,0,467,0,1,0,0,0,0,Clinical Research
6,6,6,6,6,6,6,6,7,6,6,5,6,6,5,6,6,5,6,6,6,5,6,6,6,5,6,6,6,6,6,6,6,6,6,6,6,6,4,4,4,5,4,6,6,NA,40,0,0,1,0,0,0,468,0,0,0,1,1,0,Health Informatics
2,5,6,5,4,4,4,5,6,4,4,4,4,4,3,3,3,4,5,5,5,4,4,4,5,5,5,5,5,6,5,7,6,4,7,6,7,5,3,3,4,3,3,7,7,1,33,0,1,1,0,0,0,469,0,1,0,0,0,0,Clinical Research
5,5,6,6,5,5,6,6,7,6,6,6,6,6,6,6,5,6,6,6,6,6,6,6,6,6,7,6,5,6,5,7,7,6,7,6,3,2,2,2,2,2,2,3,5,4,28,0,1,0,0,0,0,470,1,0,0,0,1,0,Clinical Research
6,6,7,5,6,7,5,6,5,5,5,4,6,6,5,6,6,6,7,5,6,6,5,6,6,5,5,6,6,6,6,6,6,6,6,6,5,5,4,2,4,4,4,3,5,2,31,0,0,1,0,0,0,471,0,1,0,0,1,0,Clinical Research
5,5,5,6,6,6,7,7,7,7,7,5,5,6,5,5,6,5,6,6,6,3,6,5,7,5,7,5,7,7,7,7,7,7,7,6,4,2,4,1,2,2,2,4,4,3,32,0,1,0,0,0,0,472,1,0,0,0,0,0,NA
5,6,6,6,5,4,6,5,7,6,6,3,5,6,4,5,6,3,6,5,6,3,6,6,6,6,6,5,6,5,6,6,6,5,7,6,5,5,2,2,4,4,4,5,5,2,42,0,0,1,0,0,0,473,0,1,0,0,0,0,Clinical Research
6,5,7,6,5,5,6,6,7,6,6,6,5,5,5,5,6,5,5,6,6,5,6,6,6,5,6,5,6,5,5,6,6,5,6,5,4,4,4,4,5,4,4,5,4,1,34,0,1,0,0,0,0,474,0,1,0,0,0,0,Clinical Research
6,6,6,6,5,6,6,6,6,6,6,5,5,6,6,6,6,6,6,6,6,5,5,6,6,6,6,6,6,6,7,6,5,6,6,6,5,3,2,2,3,2,2,2,4,1,27,0,0,1,0,0,0,475,0,1,0,0,0,0,Clinical Research
6,5,5,6,5,5,6,5,6,6,6,5,4,5,4,3,6,4,5,5,6,4,6,3,6,5,3,4,6,3,4,6,5,3,6,5,5,4,6,2,3,3,4,6,5,2,28,0,0,1,0,0,0,476,1,0,0,0,0,0,Nursing Science and Health-Care Leadership (Doctor of Philosophy)
6,6,7,5,6,7,6,5,7,7,7,5,6,6,7,6,7,7,6,6,7,7,7,5,7,7,7,7,7,7,7,7,7,7,7,7,7,5,7,1,3,6,6,6,6,1,32,0,0,1,0,0,0,477,0,0,0,1,1,0,Clinical Research
6,5,6,6,5,5,5,6,7,6,6,4,5,5,5,5,6,5,6,5,6,5,5,6,6,6,6,5,6,6,6,6,6,5,6,5,6,2,4,2,3,3,4,6,4,4,31,0,0,0,0,0,1,478,1,0,0,0,0,0,Neuroscience
5,5,6,6,5,3,5,5,7,6,6,4,5,5,5,4,5,4,6,6,6,4,6,3,6,5,5,4,5,4,6,6,6,5,6,6,5,3,4,2,4,2,2,4,3,NA,44,0,0,1,0,0,0,479,0,0,0,1,0,0,Clinical Research
5,4,6,6,6,6,6,6,7,6,6,3,6,5,5,3,5,3,6,6,5,4,6,4,7,5,7,5,6,6,6,6,7,6,7,6,3,3,4,4,5,2,2,4,5,1,26,0,0,0,1,0,1,480,0,1,0,0,0,0,Clinical Research
6,4,5,5,4,3,5,6,6,5,4,4,5,5,5,4,5,3,5,5,5,4,5,5,7,6,6,5,4,5,6,6,6,5,6,5,4,2,3,2,2,2,2,3,2,2,45,0,0,1,0,0,0,481,0,1,0,0,1,0,Clinical Research
4,4,6,5,5,5,6,6,7,6,6,5,5,6,6,5,6,5,6,6,6,5,6,6,7,6,6,4,5,5,6,5,5,6,6,6,5,3,3,3,3,3,3,3,3,1,32,0,0,1,0,0,0,482,0,1,0,0,1,0,Clinical Research
7,6,5,6,5,7,6,7,7,6,6,7,6,6,5,7,7,7,6,7,6,7,7,6,6,7,7,5,4,7,7,6,7,7,6,5,6,7,6,4,6,5,7,6,4,1,23,0,1,0,0,0,0,483,1,0,0,0,1,0,Biomedical Engineering
6,6,6,6,6,6,6,6,6,6,6,6,5,7,7,7,7,7,6,6,6,6,6,6,6,6,6,6,6,6,6,6,6,6,6,6,1,2,1,7,7,3,6,7,7,1,25,0,1,0,0,0,0,484,1,0,0,0,1,0,Biomedical Engineering
6,6,6,6,6,6,5,6,6,5,6,5,5,6,6,6,6,6,5,6,6,6,6,6,6,6,6,6,6,6,6,6,6,6,6,6,4,4,2,2,4,4,4,4,3,1,22,0,0,1,0,0,0,485,1,0,0,0,1,0,Biomedical Engineering
6,6,6,6,4,6,5,6,6,5,7,3,6,6,6,6,6,6,4,5,6,5,6,6,5,5,6,6,6,5,5,6,6,6,7,6,4,2,2,1,4,3,4,6,5,1,23,0,0,1,0,0,0,486,1,0,0,0,1,0,Biomedical Engineering
4,4,4,4,4,4,5,5,5,4,4,5,4,5,4,4,4,4,5,4,5,4,4,4,4,6,3,5,4,4,4,5,4,4,5,4,2,1,2,1,2,2,2,3,3,1,24,0,0,1,0,0,0,487,0,1,0,0,1,0,Biomedical Engineering
5,5,6,5,5,4,5,6,6,5,5,5,4,5,4,4,5,5,5,5,5,4,5,5,6,5,5,4,4,5,5,5,5,5,6,5,4,5,3,1,3,2,2,3,4,1,38,0,0,0,1,0,0,488,1,0,0,0,0,0,Immunology
6,7,7,6,6,6,6,5,5,5,6,4,6,5,5,6,6,6,6,7,6,5,5,5,6,6,6,6,6,6,5,6,6,5,6,6,1,2,2,1,2,4,4,2,1,2,24,0,0,0,0,0,1,489,1,0,0,0,0,0,Statistics
4,6,6,3,5,2,6,6,5,5,6,4,5,7,7,6,5,4,6,5,6,5,5,7,6,7,7,6,6,7,7,7,6,6,6,7,2,1,3,1,3,1,2,2,2,1,22,0,0,1,0,0,0,490,1,0,0,0,1,0,Physics
5,5,6,6,5,4,4,4,5,6,5,3,5,5,6,6,7,5,6,4,4,5,5,3,4,5,3,5,5,5,7,6,4,3,7,5,1,1,3,2,4,4,5,2,2,1,22,0,1,1,0,0,0,491,1,0,0,0,0,0,Physics
6,6,7,5,5,4,5,4,7,5,2,3,5,4,5,6,5,5,6,6,6,5,4,6,6,5,6,6,3,5,6,5,6,5,6,5,3,2,3,1,4,3,3,3,5,1,22,0,0,1,0,0,0,492,1,0,0,0,1,0,Physics
3,3,5,5,5,3,6,6,6,6,6,6,5,3,5,3,3,3,5,5,5,3,5,5,5,3,5,3,5,6,5,6,6,3,6,3,1,1,5,1,4,3,3,4,2,2,33,0,0,1,0,0,0,493,0,1,0,0,0,0,International Agricultural Development
5,6,7,6,5,6,6,6,6,6,5,4,6,6,6,6,6,5,7,7,6,6,6,6,6,6,6,6,6,6,6,6,7,6,7,6,4,4,2,2,3,3,3,4,4,4,28,0,0,1,0,0,0,494,1,0,0,0,1,0,Biostatistics
6,7,7,7,7,7,6,6,6,6,6,6,6,6,6,6,6,6,6,6,6,6,6,6,6,6,6,6,6,6,6,6,6,6,6,6,1,1,1,1,6,6,6,2,1,1,22,0,0,1,0,0,0,495,0,1,0,0,0,0,Master of Professional Accountancy
5,6,6,5,4,5,7,6,5,6,5,6,6,6,5,7,6,5,7,7,5,6,6,7,6,6,6,7,7,6,6,6,6,7,5,6,1,1,1,1,1,3,2,7,1,1,23,0,0,0,0,0,1,496,0,1,0,0,0,0,Master of Professional Accountancy
7,6,6,6,6,4,5,5,7,6,6,6,7,5,5,6,6,5,6,6,5,6,6,7,7,5,4,5,6,5,5,5,7,6,7,6,1,1,1,5,5,5,5,5,1,1,27,0,0,0,1,0,0,497,0,1,0,0,1,0,Master of Professional Accountancy
1,5,7,7,1,5,7,7,7,1,5,5,1,7,7,5,5,1,7,7,7,2,6,7,7,5,7,3,7,7,7,7,7,2,7,7,1,1,1,1,7,7,7,1,1,1,27,1,0,0,0,0,0,498,0,1,0,0,1,0,Master of Professional Accountancy
6,6,6,6,6,6,6,6,6,6,6,6,6,6,6,6,6,6,7,6,6,6,6,7,6,6,6,6,6,6,7,7,6,6,6,6,1,1,1,6,6,5,5,7,3,1,23,0,0,0,1,0,0,499,0,1,0,0,0,0,Master of Professional Accountancy
6,5,6,6,5,6,6,5,6,5,6,5,3,5,6,6,6,6,6,6,6,5,5,5,6,6,5,6,6,6,6,6,6,6,6,6,1,1,1,1,1,2,3,2,1,1,27,0,0,1,0,0,0,500,0,1,0,0,0,0,Master of Professional Accountancy
4,5,6,6,4,5,7,6,7,6,6,4,5,6,6,5,6,5,6,6,6,5,6,6,6,6,4,6,3,5,6,7,7,3,7,5,1,1,2,1,1,2,1,2,1,1,29,0,1,0,0,0,0,501,0,1,0,0,1,0,Master of Professional Accountancy
6,6,7,7,5,6,6,5,7,4,6,3,5,6,4,3,6,5,7,7,7,5,7,6,7,6,7,7,6,5,7,7,7,7,7,7,7,7,6,4,5,5,5,7,4,1,28,0,0,1,0,0,0,502,1,0,0,0,0,0,Epidemiology
3,5,3,6,2,2,6,4,5,2,4,2,2,5,4,5,3,2,5,5,5,5,3,2,5,5,5,5,5,5,5,3,4,4,5,4,2,1,3,1,2,2,2,2,2,1,25,0,0,1,1,0,0,503,1,0,0,0,0,0,Epidemiology
5,5,6,4,6,5,3,4,5,4,5,4,4,3,4,4,5,4,4,5,4,3,4,4,4,4,3,4,4,5,6,6,5,4,4,5,3,4,3,3,4,4,3,4,3,2,NA,NA,NA,NA,NA,NA,NA,504,1,0,0,0,NA,0,Epidemiology
6,6,6,6,5,5,3,6,5,6,7,2,6,5,6,6,7,2,6,4,6,3,6,3,5,5,6,6,6,6,6,6,6,6,6,6,3,3,6,2,5,3,6,6,3,2,38,0,0,1,0,0,0,505,1,0,0,0,0,0,Epidemiology
7,7,7,7,7,7,6,5,7,6,6,5,7,6,7,5,6,6,6,5,5,6,6,3,7,6,7,6,7,7,6,7,7,7,7,7,4,5,5,3,6,6,7,4,5,2,NA,0,0,1,0,0,0,506,1,0,0,0,0,0,Epidemiology
6,5,6,7,5,5,5,5,7,3,5,4,6,5,5,4,7,5,7,5,5,5,6,6,5,5,6,5,6,6,5,6,6,5,6,5,4,1,6,3,4,4,4,6,4,1,25,0,0,1,0,0,0,507,0,1,0,0,1,0,International Agricultural Development
5,5,5,5,5,5,5,4,6,6,4,4,4,5,4,5,5,4,5,5,5,4,5,5,5,5,5,6,5,5,4,5,4,4,5,5,7,5,7,4,7,7,7,6,6,1,26,0,0,1,0,0,0,508,0,1,0,0,0,0,Geography
4,4,4,6,5,6,6,6,7,6,6,6,6,5,6,5,6,5,6,6,6,5,6,6,6,5,6,3,5,6,5,6,5,4,6,6,6,5,6,1,6,6,5,6,5,2,30,0,0,1,0,0,0,509,1,0,0,0,1,0,Geography
5,5,7,5,6,4,7,5,7,6,6,5,6,6,7,6,7,6,7,5,7,5,4,7,6,3,5,4,5,7,7,6,7,6,7,5,4,4,6,4,4,4,5,6,5,2,26,0,1,0,0,0,0,510,0,1,0,0,1,0,International Agricultural Development
6,6,6,6,6,6,6,6,6,6,6,6,6,6,6,6,6,6,6,6,6,6,6,6,6,6,6,6,6,6,6,6,6,6,6,6,7,5,5,4,5,5,5,6,6,1,26,0,1,0,0,0,0,511,1,0,0,0,0,0,Immunology
4,4,3,4,4,4,5,4,6,5,4,4,4,4,4,4,4,4,5,5,5,4,5,5,6,4,4,4,4,4,5,6,6,4,6,4,2,1,1,1,1,1,2,3,2,1,27,0,0,1,0,0,0,512,1,0,0,0,0,0,Immunology
6,6,6,6,6,6,4,4,6,5,5,5,4,5,5,5,6,5,4,5,5,5,5,4,5,5,5,5,5,5,5,6,4,5,6,5,3,3,3,1,3,3,3,3,4,2,23,0,0,1,0,0,0,513,1,0,0,0,0,0,Immunology
5,4,5,3,3,2,5,4,6,6,5,3,4,5,5,4,5,3,5,4,6,3,4,3,5,4,5,4,5,5,5,6,6,5,6,5,1,1,3,3,2,2,2,1,2,1,23,0,0,1,0,0,0,514,1,0,0,0,0,0,Immunology
5,5,6,6,6,6,6,5,7,7,5,6,6,6,5,5,7,6,6,6,6,5,7,5,7,5,7,5,5,6,6,7,6,5,6,6,5,2,3,4,4,4,2,3,2,1,27,0,0,1,0,0,0,515,1,0,0,0,0,0,Immunology
7,7,7,7,7,7,5,5,7,6,7,6,6,7,5,5,6,6,7,7,6,6,6,5,6,6,6,6,6,6,6,7,7,6,7,6,4,4,4,4,5,4,5,4,5,1,26,0,0,1,0,0,0,516,1,0,0,0,1,0,Immunology
5,5,6,5,5,5,5,5,7,5,5,3,5,5,5,4,6,4,6,6,5,5,6,4,6,5,6,5,5,5,5,7,6,5,6,5,2,1,2,2,3,2,2,2,2,1,33,0,0,1,0,0,0,517,1,0,0,0,0,0,Immunology
6,5,6,7,5,5,5,5,6,6,5,4,6,6,6,4,5,4,6,6,6,5,6,6,6,6,6,6,6,6,6,6,7,5,6,6,4,2,5,5,5,5,5,4,4,2,NA,0,0,1,0,0,0,518,1,0,0,0,0,0,Immunology
6,5,7,7,5,5,5,6,7,5,7,6,6,6,7,6,5,3,7,5,6,5,5,5,7,7,7,7,7,7,6,7,7,7,7,7,5,2,6,3,6,NA,5,5,5,1,24,0,0,0,0,0,1,519,1,0,0,0,0,0,Pharmacology and Toxicology
3,3,5,5,2,2,3,5,5,5,5,5,2,3,5,3,5,5,5,5,5,3,5,3,6,3,3,6,3,3,5,6,6,3,5,3,5,2,5,4,4,4,4,5,5,1,24,0,1,0,0,0,0,520,0,1,0,0,0,0,Computer Science
5,5,6,6,6,6,6,7,7,6,6,6,6,6,6,7,6,6,5,5,7,6,6,6,6,6,5,6,6,6,6,6,6,5,6,6,1,1,1,1,2,3,3,2,1,2,31,0,0,1,0,0,0,521,0,1,0,0,0,0,Computer Science
5,6,6,6,5,5,4,6,6,6,6,6,5,7,6,6,6,6,7,6,6,6,6,6,7,6,5,6,6,5,6,6,6,6,7,6,3,3,3,2,3,1,2,2,3,1,30,0,1,0,0,0,0,522,0,1,0,0,0,0,Computer Science
5,5,4,5,5,5,7,6,5,6,5,4,3,6,5,5,5,5,6,5,6,5,5,4,6,6,5,6,5,4,5,6,6,5,6,5,1,1,1,1,2,2,2,2,1,1,23,0,0,1,0,0,0,523,0,1,0,0,1,0,Computer Science
6,7,7,5,6,6,6,7,7,5,6,5,4,6,7,6,7,7,7,5,7,5,7,6,6,6,6,5,6,6,4,7,7,5,7,7,2,4,4,3,4,3,5,5,2,4,22,0,0,1,0,0,0,524,0,0,1,0,1,0,Computer Science
5,6,7,6,6,6,5,3,6,7,6,4,6,6,5,7,6,5,5,7,6,5,6,7,6,5,4,6,6,6,7,6,6,6,6,6,2,2,2,3,3,4,5,3,1,2,24,0,1,0,0,0,0,525,0,1,0,0,1,0,Computer Science
6,6,6,5,6,6,6,6,6,6,5,5,6,6,6,6,6,6,6,6,6,5,6,6,6,6,6,5,6,5,5,6,6,6,6,6,4,2,4,2,1,2,3,3,2,1,29,0,1,0,0,0,0,526,1,0,0,0,1,0,Computer Science
6,6,6,6,6,6,6,6,6,6,6,6,6,6,6,6,6,6,6,6,6,6,6,6,6,6,6,6,6,6,6,7,6,6,7,6,2,2,2,2,3,3,3,4,2,1,NA,0,1,0,0,0,0,527,1,0,0,0,0,0,Computer Science
6,6,6,5,5,5,7,6,5,6,6,5,5,5,4,5,5,4,7,6,6,5,6,5,6,4,4,5,3,5,5,6,5,5,6,6,1,1,1,1,3,4,5,4,1,2,25,0,0,0,0,0,1,528,0,1,0,0,1,0,Computer Science
6,6,6,6,6,6,6,6,6,6,6,6,6,6,6,6,6,6,6,6,6,6,6,6,6,6,6,6,6,6,6,6,6,6,6,6,6,6,6,6,6,6,6,6,6,1,24,0,1,0,0,0,0,529,0,1,0,0,1,0,Statistics
5,4,6,4,4,5,6,5,4,5,5,4,6,6,6,6,6,6,6,6,6,6,6,6,6,5,6,5,6,6,6,5,6,5,6,5,5,5,5,5,4,5,5,5,5,3,25,0,1,0,0,0,1,530,1,0,0,0,1,0,Chemical Engineering
6,6,6,6,6,5,6,6,6,5,5,6,6,6,5,6,5,6,6,6,6,5,5,6,6,6,5,5,5,6,6,6,6,6,6,4,5,3,3,2,3,4,4,4,5,4,21,0,1,0,0,0,0,531,0,0,1,0,0,0,Statistics
6,6,6,5,6,6,6,6,6,6,6,6,5,6,6,6,6,6,6,6,6,6,6,6,6,6,6,6,6,6,6,6,6,6,6,6,5,4,5,2,2,2,2,3,2,3,21,0,1,0,0,0,0,532,0,0,1,0,1,0,Statistics
7,7,7,7,7,7,7,7,7,7,7,7,7,7,7,7,7,7,7,7,7,7,7,7,7,5,5,7,7,6,7,7,7,7,7,6,1,1,4,1,4,4,3,1,1,3,20,1,0,0,0,0,0,533,0,0,1,0,1,0,Mathematics
1,1,1,1,1,1,6,6,6,6,6,6,6,6,6,6,6,6,6,6,6,6,6,6,6,6,6,6,6,6,6,6,6,6,6,6,6,6,6,6,6,6,6,6,6,2,24,0,1,0,0,0,0,534,0,1,0,0,1,0,Statistics
4,4,6,6,3,6,5,6,7,6,6,5,4,5,5,5,5,6,6,6,6,5,6,3,7,6,4,4,4,6,5,5,6,5,5,4,1,1,3,2,4,5,5,3,1,NA,NA,0,1,0,0,0,0,535,0,0,1,0,1,0,NA
3,5,6,6,5,4,3,5,5,4,6,5,4,3,4,5,5,4,5,4,5,4,5,4,5,5,5,4,5,5,4,4,5,5,5,5,2,2,2,3,3,3,2,3,3,3,20,0,1,0,0,0,0,536,0,0,1,0,0,0,Statistics
5,6,6,6,5,4,5,6,6,5,5,3,5,5,4,5,5,5,4,6,4,6,6,6,6,6,6,6,6,6,5,7,4,5,4,5,6,6,6,6,6,5,4,6,6,3,20,0,1,0,0,0,0,537,0,0,1,0,0,0,Statistics
6,6,7,6,7,5,7,5,5,6,5,5,5,5,6,5,6,6,6,6,6,5,6,6,6,6,6,6,6,6,5,7,6,5,7,6,1,1,5,1,1,3,3,3,2,4,21,0,1,0,0,0,0,538,0,0,1,0,0,0,Statistics
6,6,6,6,6,6,5,6,7,6,5,5,5,6,6,6,7,6,5,6,6,6,5,6,6,6,6,7,6,5,6,7,7,6,7,6,3,4,3,4,4,4,4,4,3,2,20,0,1,0,0,0,0,539,0,0,1,0,0,0,Mathematics
6,6,7,6,6,6,7,7,7,7,7,6,6,5,6,5,6,6,6,5,6,6,6,7,6,5,6,6,6,6,5,6,6,5,7,6,1,1,1,1,4,2,4,2,2,2,26,0,0,1,0,0,0,540,1,0,0,0,1,0,Psychology
5,7,6,5,5,6,3,5,5,5,6,3,3,3,4,3,4,3,6,5,7,3,4,5,5,6,5,7,5,4,6,6,5,5,5,3,1,1,3,1,1,1,3,2,1,4,22,0,0,1,0,0,0,541,0,0,1,0,1,0,Statistics
7,7,7,5,6,6,7,6,6,6,7,6,7,6,7,6,7,6,7,6,7,6,7,6,6,7,6,7,6,7,6,6,7,6,6,6,7,6,7,6,7,6,7,6,7,NA,23,0,1,0,0,0,0,542,0,1,0,0,1,0,Statistics
3,2,1,2,3,2,2,3,2,2,1,4,4,3,3,2,4,5,4,5,4,3,4,5,4,3,4,5,4,4,4,4,2,5,3,4,3,3,3,3,3,3,3,3,3,NA,23,0,1,0,0,0,0,543,0,1,0,0,1,0,Statistics
4,5,5,2,5,5,5,5,5,4,6,5,5,4,4,5,4,5,5,5,5,6,5,6,6,6,6,5,6,6,5,4,3,5,6,6,4,4,5,5,4,5,5,5,5,NA,NA,0,0,0,0,0,1,544,0,1,0,0,1,0,NA
5,5,6,4,5,5,5,6,7,6,6,5,5,5,5,5,6,6,7,7,7,7,6,6,7,5,5,6,6,6,6,7,7,6,7,7,4,2,6,4,3,3,6,6,6,3,21,0,1,0,0,0,0,545,0,0,1,0,0,0,Mathematics
3,5,7,5,5,4,6,7,7,3,6,5,3,6,5,5,6,6,5,6,6,5,5,6,6,5,5,6,6,3,4,6,3,5,5,6,3,4,5,5,4,5,2,4,3,NA,23,0,1,0,0,0,0,546,0,1,0,0,1,0,Statistics
5,6,6,5,5,5,2,5,4,5,5,3,5,4,4,6,5,5,6,6,6,5,4,5,4,6,5,6,5,4,6,5,6,5,6,5,2,3,3,2,4,3,2,2,3,5,23,0,1,0,0,0,0,547,0,0,1,0,1,0,Statistics
5,4,5,5,5,4,6,5,6,7,5,6,4,3,6,3,6,5,4,6,6,4,7,5,6,5,4,3,5,4,5,7,5,4,5,6,4,2,5,2,5,3,4,2,1,1,23,0,1,0,0,0,0,548,1,0,0,0,0,0,Biostatistics
5,6,6,3,4,3,6,6,7,6,5,3,4,5,6,6,3,3,7,7,6,5,5,5,4,5,4,6,3,5,4,5,5,2,5,5,1,1,4,1,1,2,2,3,1,4,26,0,0,1,0,0,0,549,0,0,1,0,0,0,Statistics
5,4,5,5,6,6,7,6,6,6,6,7,6,5,5,5,7,7,7,7,5,6,6,5,5,6,6,5,5,5,6,6,7,4,7,5,6,2,NA,4,5,5,6,6,7,NA,25,0,1,0,0,0,0,550,0,1,0,0,0,0,International Agricultural Development
5,6,6,6,5,5,6,6,6,5,6,5,5,6,5,5,6,6,4,4,4,4,5,4,4,5,5,5,4,5,5,4,4,4,4,5,4,3,2,2,3,3,3,3,3,1,24,0,1,0,0,0,0,551,0,1,0,0,0,0,Statistics
6,6,6,6,6,6,5,5,6,6,6,5,5,5,5,5,6,5,5,6,5,5,5,5,6,5,6,5,6,6,6,6,6,6,6,6,5,5,4,4,5,5,5,5,4,1,28,0,0,1,0,0,0,552,1,0,0,0,0,0,Psychology
3,5,5,3,3,5,5,5,6,2,5,2,5,5,5,5,5,3,5,5,5,3,5,3,6,5,5,5,5,3,5,6,6,3,7,5,3,3,3,1,2,1,2,3,2,1,28,0,0,1,0,0,0,553,1,0,0,0,0,0,Immunology
4,5,6,2,5,4,6,6,6,6,6,6,4,4,4,5,5,2,5,5,5,5,5,7,6,2,3,3,3,4,5,5,5,4,5,3,NA,NA,NA,NA,NA,NA,NA,NA,NA,NA,NA,0,0,0,0,0,0,554,NA,NA,NA,NA,NA,0,NA
7,6,7,7,7,7,7,6,7,7,4,4,6,5,6,7,6,6,5,6,5,6,7,6,6,6,7,6,5,6,5,4,6,6,6,7,2,2,2,2,2,2,2,2,2,2,30,0,1,0,0,0,0,555,1,0,0,0,1,0,Statistics
4,6,6,6,5,5,6,6,7,6,6,6,6,6,6,5,6,6,7,7,7,6,7,6,7,6,5,6,6,6,6,7,7,6,7,6,7,4,6,2,4,4,3,6,4,2,33,0,0,0,1,0,0,1,0,1,0,0,0,1,Master of Business Administration
6,6,6,6,6,7,7,7,7,6,6,6,7,7,6,6,7,7,7,7,7,7,7,6,7,7,7,6,6,7,7,7,6,6,7,7,7,7,2,2,7,4,6,6,3,1,28,0,0,0,0,0,1,2,0,1,0,0,1,1,Master of Business Administration
7,7,7,6,5,4,5,5,5,5,5,3,4,6,4,6,5,5,6,6,6,3,4,5,6,6,6,6,7,4,6,7,5,5,6,4,2,5,3,1,3,4,5,5,5,1,28,0,0,1,0,0,0,3,1,0,0,0,1,1,Agricultural and Resource Economics
6,6,7,5,6,6,5,3,6,5,4,3,6,5,6,7,5,5,6,6,6,5,5,6,6,5,5,6,5,6,6,6,6,5,6,6,4,4,2,2,4,2,2,4,2,1,28,0,0,1,0,0,0,4,1,0,0,0,1,1,Agricultural and Resource Economics
6,6,7,5,5,6,5,6,6,5,6,4,4,6,5,6,5,6,5,6,7,5,5,5,6,6,6,6,6,5,4,5,6,5,6,5,4,4,5,3,4,4,4,4,4,1,25,0,1,0,0,0,0,5,1,0,0,0,1,1,Economics
6,6,7,7,4,6,5,4,4,7,7,2,2,7,5,6,4,3,7,7,7,3,5,6,3,7,4,7,5,4,7,5,4,4,5,7,1,1,NA,1,7,4,5,1,1,1,27,0,0,0,0,0,1,6,1,0,0,0,1,1,Economics
6,6,7,6,5,5,5,6,7,7,7,4,4,6,7,6,7,6,6,5,7,3,6,6,7,6,7,6,6,6,6,7,6,5,7,6,4,1,2,3,2,2,5,6,4,1,29,0,1,0,0,0,0,7,1,0,0,0,0,1,Economics
5,5,6,6,5,5,6,6,6,6,5,4,4,5,5,6,6,5,6,6,5,5,4,5,5,6,6,6,5,4,5,6,6,3,6,4,2,1,4,5,4,3,4,2,2,1,25,0,0,1,0,0,0,8,1,0,0,0,1,1,Plant Biology
6,5,6,5,5,5,6,4,6,4,5,3,5,3,5,5,5,2,5,5,6,5,5,6,7,4,4,4,4,5,6,5,5,5,6,5,5,4,6,NA,4,5,4,4,5,2,NA,0,0,1,0,0,0,9,1,0,0,0,1,1,Agricultural and Resource Economics
3,5,6,4,2,2,6,4,6,5,4,5,2,6,5,6,5,2,2,3,6,2,6,5,5,5,4,7,4,4,7,5,5,4,5,4,4,2,2,1,2,2,1,2,3,2,25,0,0,1,0,0,0,10,1,0,0,0,1,1,Agricultural and Resource Economics
5,5,6,5,3,3,5,5,3,5,3,3,3,5,3,5,3,3,3,5,5,3,4,4,5,5,2,7,4,3,5,5,4,3,5,4,2,2,2,2,3,2,2,2,3,2,32,0,0,1,0,0,0,11,1,0,0,0,1,1,Agricultural and Resource Economics
3,4,6,3,4,3,5,6,5,5,5,5,3,5,5,5,3,3,6,3,5,3,4,3,4,5,3,5,5,3,5,5,5,3,5,3,4,4,4,4,4,2,2,3,3,2,31,0,0,0,1,0,0,12,1,0,0,0,1,1,Agricultural and Resource Economics
3,5,7,6,6,3,6,3,6,2,6,6,3,4,6,4,6,6,6,6,6,6,6,7,6,5,6,6,6,6,6,7,6,7,7,7,2,2,4,3,4,2,3,2,2,1,32,0,0,0,1,0,0,13,1,0,0,0,1,1,Agricultural and Resource Economics
4,6,7,5,4,5,7,5,5,6,4,4,5,6,5,6,6,7,7,7,7,6,6,4,5,5,5,7,4,4,6,5,4,4,6,4,7,7,7,5,4,5,4,4,6,2,24,0,0,1,0,0,0,14,1,0,0,0,1,1,Agricultural and Resource Economics
5,7,6,5,3,3,4,6,6,4,4,4,3,6,5,6,3,3,6,4,6,3,5,3,6,7,4,6,5,4,6,6,6,4,6,4,3,3,3,1,1,3,1,3,2,2,25,0,0,1,0,0,0,15,1,0,0,0,1,1,Agricultural and Resource Economics
4,5,6,6,NA,4,5,5,6,5,5,3,4,5,5,4,5,5,3,3,5,6,5,4,3,5,3,6,5,4,6,5,4,5,7,4,1,1,1,1,3,2,3,1,1,NA,24,0,1,0,0,0,0,16,1,0,0,0,1,1,Economics
2,6,7,6,4,5,6,3,5,6,2,1,2,6,3,5,3,3,6,6,5,3,2,6,5,6,7,5,2,4,3,6,6,2,7,4,1,1,1,2,2,1,1,1,1,2,23,0,0,1,0,0,0,17,1,0,0,0,1,1,Economics
7,7,5,7,6,4,5,6,7,6,4,5,5,7,5,7,6,5,6,5,7,4,4,4,6,7,6,7,6,4,7,5,5,5,5,4,2,2,2,2,2,2,3,3,2,2,26,0,0,0,0,0,1,18,1,0,0,0,0,1,Economics
3,5,5,5,5,4,4,6,5,5,5,5,2,3,2,3,5,2,6,5,5,6,2,3,5,3,4,5,4,5,6,6,5,5,6,5,2,2,2,2,3,3,2,3,2,2,22,0,1,0,0,0,0,19,1,0,0,0,0,1,Economics
4,5,6,4,3,4,5,5,6,6,4,3,4,4,5,6,6,6,7,6,6,4,5,5,6,5,7,5,6,6,6,7,7,5,7,5,4,2,3,4,4,4,5,3,2,2,29,0,1,1,0,0,0,20,1,0,0,0,0,1,Agricultural and Resource Economics
5,5,5,5,5,5,6,6,7,7,7,5,5,5,7,7,7,7,7,6,5,6,7,7,7,7,6,7,5,7,7,7,5,7,5,7,7,7,7,7,5,6,5,6,7,2,27,0,1,0,0,0,0,21,1,0,0,0,0,1,Economics
6,6,6,7,6,6,5,6,6,6,6,4,6,5,6,6,7,5,6,6,6,5,6,5,6,7,7,6,6,7,6,6,6,6,6,7,3,3,1,2,3,2,2,4,4,2,27,0,0,0,1,0,0,22,1,0,0,0,0,1,Master of Laws
4,6,6,5,5,5,6,5,5,6,5,4,5,5,5,7,5,6,6,6,6,5,6,6,5,6,6,7,6,6,7,7,6,6,6,6,4,3,2,3,3,4,4,4,2,NA,27,0,0,1,1,0,0,23,1,0,0,0,1,1,Agricultural and Resource Economics
4,4,5,5,5,5,5,5,5,5,5,3,4,3,5,4,5,5,5,5,5,5,5,5,3,3,3,3,3,4,5,5,5,5,5,5,4,3,4,4,3,3,4,4,4,3,31,0,0,0,0,0,1,24,1,0,0,0,1,1,NA
4,5,5,4,3,3,5,5,5,5,5,4,3,5,5,6,5,4,6,5,6,3,5,4,4,5,4,5,4,4,5,5,5,5,7,6,5,6,6,5,5,5,5,5,5,2,24,0,0,0,0,0,1,25,1,0,0,0,0,1,Agricultural and Resource Economics
2,3,2,4,2,3,4,5,4,5,3,5,4,6,5,4,3,3,5,5,5,3,5,6,3,5,6,6,6,5,6,6,5,3,6,2,2,1,2,1,2,2,2,1,1,2,31,0,0,1,0,0,0,26,1,0,0,0,1,1,Agricultural and Resource Economics
6,6,6,6,5,5,5,6,6,6,6,5,4,6,6,6,6,5,7,7,6,6,6,6,6,6,6,6,6,6,6,6,6,6,6,5,2,1,4,4,4,2,2,2,2,2,23,0,0,1,0,0,0,27,1,0,0,0,0,1,Economics
5,5,5,5,5,5,5,5,5,5,5,3,3,5,5,5,5,5,5,4,5,5,5,5,5,5,5,5,5,5,5,5,5,5,5,5,4,3,4,3,5,5,4,4,4,NA,NA,0,1,0,0,0,0,28,1,0,0,0,0,1,NA
6,6,5,6,6,6,4,3,5,6,6,5,5,5,7,4,7,6,5,4,4,7,3,3,6,6,7,6,7,7,5,7,7,6,7,7,1,1,1,4,4,1,4,1,1,NA,26,0,0,1,0,0,0,29,1,0,0,0,0,1,Economics
6,6,6,5,5,5,6,6,7,5,6,6,5,5,5,5,5,5,5,5,6,5,6,6,5,6,6,5,5,5,5,6,6,5,6,6,4,4,4,2,3,3,3,3,3,3,48,0,1,0,0,0,0,30,1,0,0,0,0,1,Other3
3,4,5,6,3,2,6,5,7,7,5,4,6,5,6,3,6,3,5,5,6,2,6,6,6,5,6,5,6,6,6,7,7,3,7,6,5,1,5,1,1,3,5,4,5,1,51,1,0,0,0,0,0,31,1,0,0,0,0,1,Education (Doctor of Philosophy)
6,5,6,5,6,5,5,5,6,5,5,6,5,5,6,5,5,6,5,6,5,5,5,6,6,6,5,6,5,6,5,6,5,6,5,6,6,5,5,6,5,5,6,5,6,NA,NA,NA,NA,NA,NA,NA,NA,32,0,1,0,0,0,1,NA
5,4,6,6,6,5,5,5,7,7,6,5,6,6,6,7,6,5,7,7,7,6,6,6,5,6,6,7,5,6,7,6,6,7,7,7,4,4,6,3,3,4,5,6,5,3,27,0,0,0,1,0,0,33,0,1,0,0,1,1,Civil and Environmental Engineering
7,6,6,7,7,7,6,6,6,5,6,5,5,6,5,6,7,7,4,5,6,5,7,7,7,6,6,7,7,7,6,7,6,7,6,7,4,2,7,2,7,7,6,7,6,2,27,0,0,1,0,0,0,34,1,0,0,0,1,1,Civil and Environmental Engineering
6,7,6,6,6,6,5,6,6,7,6,5,5,6,5,6,5,5,6,6,6,5,5,6,6,6,5,6,5,6,5,7,6,5,7,6,NA,NA,NA,NA,NA,NA,NA,NA,NA,NA,NA,NA,NA,NA,NA,NA,NA,35,NA,NA,NA,NA,NA,1,NA
6,6,6,6,5,6,6,6,6,6,5,4,6,6,5,6,6,6,5,6,6,6,6,4,6,6,6,5,6,4,6,6,6,6,6,4,5,7,6,2,2,2,4,6,2,4,27,0,1,0,0,0,0,36,1,0,0,0,0,1,Public Health
6,6,5,6,6,5,7,6,6,5,6,6,7,6,5,6,7,5,6,5,5,6,6,7,6,5,6,6,5,5,6,6,5,6,6,7,6,4,4,4,4,4,4,4,4,1,22,0,1,0,0,0,0,37,0,1,0,0,0,1,Statistics
6,7,6,7,6,6,6,6,7,6,7,5,6,7,6,7,6,7,6,7,7,6,6,5,7,7,6,7,6,5,6,7,6,5,7,6,2,2,NA,2,3,4,5,5,5,1,NA,0,1,0,0,0,0,38,0,1,0,0,0,1,Statistics
6,6,7,6,6,6,6,6,6,6,6,6,6,7,6,6,6,6,6,6,6,6,7,6,6,6,6,6,7,6,5,6,6,6,6,6,3,4,6,3,4,4,4,3,4,1,23,0,1,0,0,0,0,39,0,1,0,0,0,1,Statistics
6,6,6,5,6,5,6,6,5,5,6,4,5,5,5,6,6,4,5,7,6,5,5,7,7,7,6,6,5,6,6,5,4,5,5,5,7,4,7,5,2,3,4,3,NA,1,24,0,1,0,0,0,0,40,0,1,0,0,0,1,NA
5,6,6,4,6,5,5,6,7,6,6,5,7,7,6,5,5,4,7,7,6,4,5,5,5,6,4,4,4,4,6,5,5,6,6,4,NA,NA,NA,NA,NA,NA,NA,NA,NA,NA,NA,NA,NA,NA,NA,NA,NA,41,NA,NA,NA,NA,NA,1,NA
6,6,6,6,6,6,5,6,5,6,6,6,6,6,6,6,6,6,6,6,6,6,6,6,6,6,6,6,6,6,6,6,6,6,6,6,6,6,6,4,4,5,6,6,5,1,23,0,1,0,0,0,0,42,0,1,0,0,0,1,Statistics
6,6,6,5,5,5,4,6,5,5,6,5,6,4,5,5,6,3,5,5,5,4,5,5,5,5,4,5,3,5,5,4,5,5,4,5,2,2,2,5,4,4,3,4,5,NA,22,0,1,0,0,0,0,43,0,1,0,0,0,1,Statistics
6,6,6,5,5,5,4,6,5,5,6,5,5,4,5,5,6,3,5,5,5,4,5,5,5,5,4,5,3,5,5,4,5,5,4,5,3,3,2,3,4,5,3,3,2,NA,NA,0,1,0,0,0,0,44,0,1,0,0,1,1,NA
3,4,4,4,4,4,4,4,4,4,4,5,4,4,4,4,4,4,4,4,4,4,4,4,4,4,4,4,4,4,4,5,5,5,5,5,1,1,1,1,1,1,1,1,1,1,23,0,1,0,0,0,0,45,0,1,0,0,0,1,Statistics
2,3,1,2,2,5,4,2,3,6,4,2,4,5,5,5,4,2,3,3,6,1,2,4,3,4,3,3,5,2,3,3,5,6,2,1,2,2,4,2,3,3,5,3,2,NA,25,0,1,0,0,0,0,46,0,1,0,0,1,1,Statistics
5,6,6,5,5,5,6,5,6,4,5,4,4,5,4,5,6,5,6,6,6,5,5,4,5,6,4,5,4,5,6,4,5,5,6,6,6,2,2,5,5,5,5,5,5,1,23,0,1,0,0,0,0,47,0,1,0,0,0,1,Statistics
7,7,7,6,6,5,7,7,7,6,5,5,4,6,7,5,7,6,4,6,7,4,4,5,7,7,7,7,5,4,6,6,7,7,7,7,6,6,5,6,7,5,5,5,5,1,24,0,1,0,0,0,0,48,0,1,0,0,1,1,Statistics
1,1,2,2,1,2,1,2,1,2,1,1,2,2,1,1,2,2,1,2,1,1,2,1,1,2,2,2,2,1,2,2,2,2,1,1,1,1,1,1,1,1,1,1,1,NA,23,0,1,0,0,0,0,49,0,1,0,0,1,1,Statistics
6,6,6,6,6,6,6,5,6,6,6,6,4,5,5,6,6,6,3,3,5,6,6,3,6,5,6,4,6,6,6,6,6,6,5,5,3,1,2,1,1,2,3,3,3,1,23,0,1,0,0,0,0,50,0,1,0,0,0,1,Statistics
6,6,5,5,5,6,6,5,5,4,5,6,5,6,5,5,6,6,4,4,5,6,5,4,7,5,5,6,5,4,5,5,5,6,5,5,5,4,NA,2,2,4,5,5,4,1,25,0,1,0,0,0,0,51,0,1,0,0,0,1,Statistics
6,6,6,6,6,5,5,6,6,6,6,4,4,3,5,5,5,6,6,6,6,6,6,6,6,6,6,4,4,5,5,5,6,4,6,6,3,1,4,1,4,5,5,5,5,1,23,0,1,0,0,0,0,52,0,1,0,0,0,1,Statistics
6,6,5,5,5,5,4,4,7,4,5,3,4,6,4,6,5,4,6,6,4,5,6,5,6,4,6,4,4,5,5,4,5,5,5,5,4,3,6,3,4,5,5,4,5,1,22,0,1,0,0,0,0,53,0,1,0,0,1,1,Statistics
5,5,6,5,6,6,4,6,6,6,4,5,4,5,3,4,5,3,3,4,5,3,5,3,5,5,5,5,3,5,6,6,3,5,5,5,4,1,4,1,1,3,4,4,1,1,22,0,1,0,0,0,0,54,0,1,0,0,0,1,Statistics
5,6,6,5,4,4,5,5,3,4,5,5,4,6,4,5,5,5,6,6,6,3,4,3,3,4,4,5,3,4,6,5,3,3,6,4,1,4,5,1,1,1,1,4,1,2,26,0,1,0,0,0,0,55,0,1,0,0,0,1,Statistics
4,5,5,6,5,5,6,5,5,6,6,4,4,4,6,5,6,6,5,5,6,6,4,3,5,4,5,3,5,3,6,5,6,4,3,3,4,5,5,5,6,5,6,2,4,NA,23,0,1,0,0,0,0,56,1,0,0,0,0,1,Biostatistics
6,6,6,6,5,6,6,6,6,6,6,5,5,6,4,6,6,6,4,5,5,6,6,3,5,5,5,6,5,5,5,6,5,5,6,6,2,4,4,1,3,4,5,6,3,2,25,0,0,0,0,0,1,57,0,1,0,0,1,1,Statistics
6,7,6,3,6,6,6,6,7,5,7,4,3,4,6,6,3,6,7,5,7,7,7,7,7,5,7,6,7,7,7,7,5,7,7,6,4,2,3,1,3,4,3,4,6,1,25,0,1,0,0,0,0,58,1,0,0,0,1,1,Animal Biology
5,5,4,4,3,4,5,6,6,6,5,5,5,5,4,5,3,5,6,5,5,5,6,4,6,5,5,5,5,6,6,5,6,4,6,6,3,4,5,5,3,4,3,4,4,NA,25,0,1,0,0,0,0,59,0,0,1,0,0,1,Chemistry
5,5,6,5,6,5,4,5,5,5,5,3,5,5,6,5,5,5,5,5,6,5,5,3,5,5,4,6,5,6,5,6,6,6,7,6,4,4,NA,1,5,5,5,6,5,1,25,0,0,1,0,0,0,60,1,0,0,0,0,1,Soils and Biogeochemistry
5,5,5,4,NA,3,6,5,4,5,5,5,5,5,3,3,5,5,5,5,6,6,3,6,6,6,6,NA,2,2,5,7,6,1,7,5,5,2,3,3,3,3,3,3,4,1,22,0,0,1,0,0,0,61,1,0,0,0,0,1,Chemistry
6,6,6,5,6,6,6,7,7,7,6,5,5,6,5,5,7,7,6,6,7,6,7,7,7,7,6,6,7,6,7,6,6,7,6,7,7,6,6,6,6,5,6,7,7,1,31,0,1,0,0,0,0,62,1,0,0,0,1,1,Chemical Engineering
7,6,7,5,6,4,4,7,7,6,6,7,7,7,7,6,6,2,7,7,7,7,5,5,7,7,6,3,5,7,6,6,5,5,5,7,4,2,2,5,5,2,2,2,5,1,25,0,1,0,0,0,0,63,1,0,0,0,1,1,Pharmacology and Toxicology
7,7,6,5,7,6,4,5,NA,7,5,5,6,4,6,4,6,7,3,5,6,6,5,6,7,6,6,5,6,6,4,6,5,6,5,7,5,3,3,5,7,7,6,7,7,1,NA,0,1,0,0,0,0,64,1,0,0,0,0,1,Pharmacology and Toxicology
6,7,7,7,6,7,7,7,7,6,7,6,5,6,5,6,6,6,7,7,7,6,6,7,7,6,6,6,5,6,7,7,7,7,7,6,4,1,1,1,4,2,2,6,2,1,21,0,0,1,0,0,0,65,1,0,0,0,0,1,Chemistry
6,6,6,7,5,5,NA,6,6,6,6,4,4,5,5,5,6,6,7,7,6,5,5,6,6,6,5,5,5,4,6,5,6,7,6,6,4,4,5,2,4,3,4,6,6,1,25,0,0,1,0,0,0,66,1,0,0,0,0,1,Biomedical Engineering
6,6,6,6,7,7,4,6,6,5,6,4,5,4,6,5,6,7,7,6,4,6,6,6,6,6,6,6,6,6,5,6,6,6,6,6,4,4,5,4,6,4,7,5,5,2,29,0,0,0,1,0,0,67,1,0,0,0,0,1,Plant Biology
6,7,6,7,6,6,6,6,7,6,6,5,6,5,6,6,7,6,5,6,6,6,6,6,5,6,4,7,6,5,5,6,7,5,6,6,5,4,3,1,NA,4,2,4,2,2,29,0,0,0,1,0,0,68,1,0,0,0,0,1,Plant Biology
6,6,6,7,6,6,5,6,5,5,6,4,4,5,5,6,6,6,3,4,5,6,6,6,5,6,4,5,6,6,5,5,4,5,6,5,7,6,NA,2,2,2,5,5,6,2,29,NA,NA,NA,NA,NA,NA,69,1,0,0,0,0,1,Chemical Engineering
4,4,4,4,4,5,4,5,4,4,4,4,4,4,4,4,5,4,6,5,4,4,4,6,6,5,6,5,4,5,5,7,6,5,6,5,4,1,6,5,5,5,5,5,5,1,29,0,0,1,1,NA,0,70,0,1,0,0,0,1,Other5
3,6,6,6,5,6,6,6,6,6,6,5,5,6,5,6,6,5,6,6,6,5,6,6,6,6,6,6,6,5,5,6,6,6,6,6,5,5,5,5,5,4,5,5,5,1,28,0,0,1,0,0,0,71,0,1,0,0,0,1,Community Development
6,6,6,6,6,6,7,6,7,7,7,5,6,6,6,6,6,6,6,6,7,6,6,6,7,6,6,6,6,6,7,6,7,7,7,7,6,5,4,2,3,3,3,4,5,2,32,0,0,1,0,0,0,72,0,1,0,0,0,1,Community Development
7,6,6,6,6,5,6,6,7,6,5,5,5,6,5,4,7,6,7,5,7,5,7,6,6,5,7,7,6,7,6,7,7,6,7,7,7,4,5,4,5,5,4,6,5,2,27,0,0,1,1,0,0,73,0,1,0,0,0,1,Community Development
5,5,7,5,6,3,6,6,7,6,6,2,4,4,6,5,6,3,7,6,6,2,6,5,7,5,7,6,6,5,6,7,7,5,7,5,5,2,4,2,5,4,4,2,2,1,NA,0,0,1,0,0,0,74,0,1,0,0,1,1,Community Development
4,5,6,5,5,6,6,6,6,6,6,5,6,NA,6,5,6,5,6,5,6,5,6,5,6,5,5,4,6,6,5,6,5,5,6,6,3,1,6,1,6,5,6,6,6,1,30,0,0,1,0,0,0,75,0,1,0,0,0,1,Community Development
5,6,6,4,5,5,5,6,7,6,5,2,5,5,5,3,5,6,6,2,6,6,6,2,6,6,5,6,5,5,1,7,7,6,7,7,NA,NA,NA,NA,NA,NA,NA,NA,NA,NA,NA,NA,NA,NA,NA,NA,NA,76,NA,NA,NA,NA,NA,1,NA
6,6,7,7,5,5,7,7,7,7,6,5,6,7,7,6,7,6,7,7,7,6,7,7,7,7,7,6,6,6,7,7,7,6,7,7,5,1,5,1,6,5,5,3,5,2,35,0,1,1,0,0,0,77,0,1,0,0,1,1,Community Development
3,5,5,NA,4,5,6,7,7,7,5,6,4,5,5,5,3,3,6,6,6,3,5,4,6,5,5,6,5,6,7,6,5,3,6,4,5,6,7,4,7,6,6,6,6,1,24,0,0,1,0,0,0,78,0,1,0,0,0,1,Community Development
4,4,NA,NA,NA,7,7,6,7,6,6,5,6,4,7,4,6,6,6,5,4,6,6,5,6,4,6,4,5,6,4,6,6,4,6,6,2,1,5,2,4,5,5,5,2,1,29,0,0,1,0,0,0,79,0,1,0,0,0,1,Community Development
5,6,5,7,5,6,7,6,6,6,6,5,6,5,5,5,6,5,7,6,6,5,6,4,6,4,7,5,4,5,5,6,6,5,7,7,6,5,5,2,6,5,5,5,4,2,32,0,0,1,0,0,0,80,0,1,0,0,0,1,Community Development
3,2,3,4,2,3,5,5,5,3,4,6,5,7,3,7,1,2,2,4,3,4,5,3,6,4,2,1,1,3,2,4,5,4,6,2,2,1,1,1,1,1,1,1,1,2,19,0,1,0,0,0,0,81,0,0,1,0,0,1,"Biochemistry, Molecular, Cellular and Developmental Biology"
7,5,6,7,5,5,5,5,7,5,7,5,6,3,7,4,6,6,7,6,5,5,7,7,6,3,5,3,4,7,3,7,6,4,7,7,7,6,6,2,7,6,4,7,5,1,27,0,0,1,0,1,0,82,0,1,0,0,0,1,International Agricultural Development
6,6,6,7,6,6,6,5,6,5,6,5,5,5,6,5,7,6,6,5,5,5,6,5,6,5,5,5,6,6,6,6,4,5,5,6,7,6,7,4,5,5,5,7,7,2,26,0,0,1,0,0,0,83,0,1,0,0,0,1,Community Development
5,6,6,4,4,NA,6,6,7,7,6,6,6,6,5,6,6,4,6,6,6,4,5,6,6,6,6,6,6,6,6,7,6,4,6,7,6,6,6,5,6,5,5,6,5,1,31,0,0,1,0,0,1,84,0,1,0,0,0,1,Community Development
3,5,4,5,4,3,6,6,7,6,6,4,5,5,5,4,5,4,6,6,6,5,5,5,6,6,5,5,5,6,7,6,6,5,5,5,2,4,4,4,3,2,2,2,2,2,20,0,0,0,1,0,0,85,0,0,1,0,1,1,Community Development
5,5,6,5,4,6,5,3,6,5,6,4,5,4,5,5,6,5,6,5,4,4,5,4,5,4,6,5,4,5,4,6,5,5,7,5,1,1,1,1,1,2,2,1,1,1,23,0,0,1,0,0,0,86,1,0,0,0,1,1,Physics
4,6,7,6,5,5,7,2,7,7,6,4,6,6,6,6,6,5,7,6,6,5,6,7,3,6,7,6,2,7,5,4,7,4,5,7,1,1,1,1,2,3,2,2,1,1,24,0,0,1,0,0,0,87,1,0,0,0,1,1,Physics
6,6,7,6,6,6,7,7,7,7,5,3,6,6,6,7,6,5,6,5,7,6,5,4,7,7,4,7,4,6,7,7,7,5,7,6,2,1,1,1,1,1,3,1,1,1,24,0,0,1,0,0,0,88,1,0,0,0,1,1,Physics
5,5,6,5,5,5,5,5,6,6,6,6,6,6,6,6,4,5,4,5,6,4,5,5,4,5,4,4,5,4,4,5,3,5,6,4,2,3,3,2,4,2,2,3,3,1,23,0,1,0,0,0,0,89,1,0,0,0,1,1,Physics
5,6,6,4,6,3,4,6,4,5,4,5,6,5,6,6,5,4,7,7,6,4,5,4,6,6,7,7,7,6,6,6,6,6,6,5,3,2,4,4,4,2,2,2,2,1,25,0,0,1,0,0,1,90,1,0,0,0,0,1,Physics
3,6,7,5,4,5,6,6,7,6,5,4,4,6,4,6,5,6,7,7,6,4,5,4,6,4,4,5,4,3,5,7,5,4,7,4,2,1,1,1,3,2,2,4,3,1,22,0,0,1,0,0,0,91,1,0,0,0,0,1,Physics
5,6,6,6,5,4,4,5,5,5,5,2,3,5,4,5,4,5,6,5,6,5,4,3,4,4,4,5,5,4,5,6,4,3,6,4,2,4,4,2,2,2,3,2,2,1,22,0,0,0,1,0,0,92,1,0,0,0,1,1,Chemical Engineering
5,6,5,6,6,6,5,5,7,6,6,4,4,5,5,6,6,7,4,6,6,7,6,7,6,6,7,7,6,5,4,5,4,5,7,7,2,2,2,1,4,7,5,3,2,1,24,0,0,1,0,0,0,93,1,0,0,0,1,1,Physics
5,6,7,5,3,5,6,5,6,6,6,5,5,6,5,6,5,6,7,7,7,5,6,5,5,5,5,6,6,6,7,7,6,5,7,5,1,2,4,2,4,2,3,2,5,1,22,0,0,1,0,0,0,94,1,0,0,0,0,1,Physics
5,5,5,5,4,4,5,5,6,5,5,4,4,5,5,4,4,4,5,5,5,4,5,4,4,4,5,4,5,5,5,5,5,4,6,5,1,1,1,1,2,2,2,1,1,1,22,0,0,1,0,0,0,95,1,0,0,0,1,1,Physics
6,6,7,6,6,7,6,6,7,7,7,5,6,6,7,6,7,6,7,7,6,6,6,7,6,6,7,6,6,7,5,7,7,5,7,7,6,6,6,2,4,4,6,6,3,5,42,0,0,1,0,0,0,96,1,0,0,0,1,1,Computer Science
3,5,5,5,5,5,4,5,4,5,5,2,2,5,3,5,5,4,5,4,5,3,5,3,4,5,3,5,3,4,5,5,3,NA,5,3,2,2,2,1,2,2,3,2,1,1,23,0,0,1,0,0,0,97,1,0,0,0,0,1,Physics
5,5,4,5,5,6,6,6,6,5,3,4,5,4,4,5,5,3,5,4,6,3,4,3,4,3,5,5,5,4,6,6,5,4,4,3,3,2,2,2,3,2,4,4,3,NA,NA,0,1,0,0,0,0,98,1,0,0,0,1,1,NA
5,6,6,5,4,3,5,6,6,7,5,6,6,5,4,NA,5,3,6,4,6,3,5,6,6,5,7,6,4,4,5,6,6,4,7,5,3,2,2,1,3,2,2,3,2,1,25,0,0,0,1,0,0,99,1,0,0,0,NA,1,Physics
6,6,7,6,6,5,4,6,6,6,3,5,6,6,6,6,6,6,6,3,6,6,5,6,6,6,5,6,6,6,6,6,6,5,6,6,4,1,4,1,3,2,3,5,2,1,23,0,0,1,0,0,0,100,1,0,0,0,1,1,Physics
5,6,6,6,5,5,5,6,6,6,6,5,5,6,6,6,5,6,5,5,6,6,6,5,6,6,5,6,5,5,6,6,6,6,6,6,3,4,4,1,2,2,3,3,2,1,25,0,0,1,0,0,0,101,1,0,0,0,1,1,Integrative Genetics and Genomics
5,6,5,5,5,5,5,5,6,5,5,5,5,6,5,6,5,6,6,6,5,5,5,5,6,6,6,5,5,5,6,6,6,5,6,6,3,2,4,3,3,3,3,3,2,1,23,0,0,1,0,0,0,102,1,0,0,0,1,1,Physics
6,5,5,6,6,6,5,5,6,5,5,5,5,5,6,5,6,5,6,5,6,5,5,6,6,5,6,5,5,6,6,7,4,5,7,6,7,NA,5,NA,7,6,7,7,7,1,23,0,0,1,0,0,0,103,0,1,0,0,1,1,Physics
5,6,7,6,5,6,7,6,7,6,5,6,5,4,6,7,3,5,4,6,5,3,6,4,5,3,2,6,4,4,4,5,6,3,4,7,5,4,3,6,5,4,NA,6,5,1,23,0,0,0,1,0,0,104,1,0,0,0,1,1,Plant Biology
4,5,6,6,5,5,3,3,6,4,2,3,5,5,4,3,5,5,5,4,5,5,3,5,6,5,6,5,3,4,5,6,6,4,6,4,2,3,4,1,3,2,5,3,2,1,22,0,0,1,0,0,0,105,1,0,0,0,1,1,Physics
5,5,7,7,6,6,6,5,7,6,5,6,6,5,5,5,6,4,5,6,6,4,6,6,6,5,6,5,6,4,5,6,6,6,6,4,2,1,2,1,2,2,3,1,1,1,NA,0,0,1,0,0,0,106,1,0,0,0,1,1,Physics
6,6,5,4,5,5,4,4,6,7,2,2,5,5,4,4,5,6,2,6,6,4,5,5,4,5,4,6,2,5,3,4,4,5,5,6,1,1,1,1,4,4,3,1,2,1,23,0,0,1,0,0,0,107,1,0,0,0,1,1,Physics
7,7,7,7,7,6,7,7,6,6,7,5,6,6,6,6,7,6,6,6,6,6,5,7,6,6,7,5,5,6,7,5,7,6,7,5,7,4,6,4,5,4,6,6,5,1,NA,0,0,0,1,0,0,108,1,0,0,0,1,1,Immunology
5,5,4,4,4,4,4,5,5,4,4,6,6,5,5,5,5,5,4,4,5,NA,4,4,4,4,5,4,4,4,4,5,5,5,4,4,4,3,3,4,5,5,3,4,3,1,26,NA,1,0,0,0,0,109,1,0,0,0,0,1,Biomedical Engineering
6,6,5,5,5,5,6,6,6,6,6,6,6,6,6,6,7,6,6,6,7,6,7,6,4,6,6,6,5,6,6,7,6,6,7,7,2,3,4,2,2,2,2,3,1,1,22,0,1,0,0,0,0,110,1,0,0,0,0,1,Chemical Engineering
5,3,7,5,4,6,3,3,6,5,6,2,5,4,5,3,6,4,7,6,4,5,3,2,5,5,4,6,5,6,5,7,6,4,7,5,NA,NA,NA,NA,NA,NA,NA,NA,NA,NA,NA,NA,NA,NA,NA,NA,NA,111,NA,NA,NA,NA,NA,1,NA
5,7,7,5,5,6,7,6,7,6,6,3,6,6,7,7,4,6,6,7,7,5,6,7,7,6,7,6,7,6,7,7,7,5,7,6,5,3,4,2,6,4,4,4,7,1,26,0,1,0,0,0,0,112,1,0,0,0,0,1,Integrative Genetics and Genomics
5,5,6,6,5,4,5,4,6,5,5,3,5,4,4,5,6,5,6,5,5,5,5,6,6,NA,5,4,4,5,5,5,6,4,5,NA,5,6,6,4,NA,6,5,6,4,1,25,0,0,1,0,0,0,113,1,0,0,0,0,1,Integrative Genetics and Genomics
6,6,6,5,5,5,6,6,6,6,5,4,4,5,5,5,5,6,6,6,6,6,6,5,6,5,4,6,6,5,5,6,6,5,7,5,3,1,2,2,2,3,2,2,2,1,27,0,0,0,1,0,0,114,1,0,0,0,1,1,"Biochemistry, Molecular, Cellular and Developmental Biology"
6,6,7,5,6,6,6,7,7,5,6,4,5,5,6,4,5,6,6,5,4,5,4,5,5,4,5,3,4,5,3,5,4,5,5,5,3,2,5,2,5,5,5,5,3,1,NA,0,0,1,0,0,0,115,0,1,0,0,0,1,Plant Biology
4,4,6,4,4,5,5,3,6,4,3,3,4,4,3,4,4,4,6,4,5,4,4,5,5,NA,4,3,4,4,5,5,5,4,6,4,4,2,3,1,2,1,1,NA,3,4,22,0,0,NA,0,0,0,116,0,0,1,0,0,1,Other8
6,6,6,6,6,7,7,7,6,7,5,5,5,7,6,5,7,6,6,6,5,6,5,4,6,5,6,6,6,6,5,6,5,6,7,6,4,4,5,4,5,4,6,3,2,1,32,0,0,1,0,0,0,117,1,0,0,0,0,1,Plant Biology
5,5,4,6,6,6,4,5,6,5,6,5,6,4,5,4,7,6,7,5,5,5,6,5,6,4,4,5,5,6,6,6,7,6,6,4,6,2,3,3,4,4,2,2,4,4,21,0,0,0,1,0,0,118,0,0,1,0,0,1,Other8
5,6,6,5,5,5,6,6,6,6,6,5,5,6,5,5,5,5,7,6,6,5,5,5,6,6,6,6,5,5,6,6,5,NA,6,5,2,1,5,3,5,4,3,2,1,1,29,0,0,1,0,0,0,119,1,0,0,0,0,1,Horticulture and Agronomy
7,5,7,7,6,5,5,4,7,5,7,5,6,6,5,5,6,5,7,5,3,6,6,3,7,6,6,5,6,6,5,7,6,6,7,6,6,7,7,6,7,5,5,7,6,2,34,0,0,1,0,0,0,120,1,0,0,0,0,1,Animal Biology
4,5,7,5,4,4,4,4,6,6,4,3,4,5,5,4,4,3,7,7,5,4,6,3,5,5,7,5,4,4,5,6,7,4,7,5,2,1,4,1,3,4,1,1,2,1,26,0,0,1,0,0,0,121,1,0,0,0,0,1,Integrative Genetics and Genomics
5,6,6,5,6,6,7,7,6,5,5,6,5,6,6,5,5,5,5,6,6,4,4,6,6,6,5,NA,5,5,6,5,5,6,7,5,4,2,2,3,3,2,5,3,5,1,32,0,1,0,0,0,0,122,1,0,0,0,0,1,Integrative Genetics and Genomics
5,5,6,6,5,5,6,6,6,6,6,5,5,6,6,6,5,5,7,6,7,5,5,6,6,6,6,6,5,5,6,6,6,5,7,5,2,2,5,3,5,3,3,2,3,2,24,0,1,0,0,0,0,123,1,0,0,0,0,1,Plant Biology
5,6,4,5,6,6,6,6,6,5,5,5,6,6,6,6,6,6,5,6,6,6,6,6,6,6,6,6,6,5,6,6,6,6,6,6,4,4,5,5,4,4,3,4,4,NA,26,0,1,0,0,0,0,124,1,0,0,0,1,1,Horticulture and Agronomy
6,6,7,6,5,6,4,5,7,5,6,6,6,6,6,7,6,7,6,6,6,6,6,5,7,6,7,7,6,6,5,7,7,6,7,6,4,4,4,4,5,4,5,5,5,1,22,0,1,0,0,0,0,125,1,0,0,0,0,1,Integrative Genetics and Genomics
7,7,7,6,7,7,6,6,7,7,7,6,7,7,6,5,6,6,6,6,7,7,7,7,7,7,7,7,6,6,7,7,6,7,7,6,4,4,6,5,5,6,6,6,7,1,24,0,1,0,0,0,0,126,1,0,0,0,0,1,Integrative Genetics and Genomics
4,6,7,6,3,4,6,6,7,4,7,5,6,7,6,6,4,5,7,6,6,4,6,7,6,5,7,7,5,4,NA,6,6,5,6,6,7,3,7,7,7,4,3,4,2,1,37,0,0,1,0,0,0,127,1,0,0,0,1,1,Integrative Genetics and Genomics
7,7,6,7,7,6,5,7,7,6,7,4,7,4,5,6,7,7,6,5,6,7,6,5,7,7,6,7,6,7,6,6,5,6,6,7,5,4,6,4,3,5,5,3,5,1,51,0,0,0,1,0,0,128,1,0,0,0,1,1,Integrative Genetics and Genomics
5,7,7,6,5,5,6,6,7,7,6,4,4,5,5,5,5,4,7,6,7,6,6,6,6,5,5,6,7,6,7,7,7,5,7,6,5,5,5,1,4,3,3,3,4,1,28,0,0,1,0,0,0,129,0,1,0,0,0,1,Avian Sciences
6,5,5,4,5,5,4,5,5,5,5,5,5,5,5,5,4,5,6,6,6,5,5,5,6,5,5,4,5,4,6,5,5,6,6,6,4,4,5,4,6,4,4,4,5,1,25,0,1,0,0,0,0,130,1,0,0,0,0,1,Plant Biology
7,6,7,5,5,5,5,4,6,5,6,5,6,5,6,6,6,6,7,6,7,5,5,5,6,6,7,6,5,5,6,6,6,6,7,7,2,6,7,5,5,2,6,5,5,4,23,0,1,1,0,0,0,131,0,0,1,0,1,1,Conservation Management Program (Ecology)
2,3,3,4,3,2,3,3,2,3,3,2,3,3,4,3,3,4,3,4,4,3,4,3,3,3,3,2,3,3,3,3,3,3,4,3,4,5,4,3,4,5,5,5,5,NA,27,0,1,0,0,0,0,132,1,0,0,0,0,1,Viticulture and Enology
6,5,5,6,5,5,7,5,7,7,7,5,4,4,6,4,5,5,7,5,5,4,6,5,6,4,5,4,7,4,5,7,6,4,7,5,2,2,5,5,5,2,3,2,4,1,25,0,0,0,1,0,0,133,1,0,0,0,0,1,Viticulture and Enology
7,7,7,6,7,7,7,6,7,6,7,5,6,6,6,7,7,7,7,7,6,6,7,7,7,7,7,7,6,6,6,7,7,6,7,7,7,7,7,7,6,6,5,7,7,1,30,0,0,1,0,0,0,134,1,0,0,0,1,1,Integrative Genetics and Genomics
3,2,5,5,4,3,2,5,6,4,5,6,6,3,4,3,4,5,4,6,6,3,6,6,6,6,6,6,6,6,4,6,6,6,6,6,1,1,6,4,3,2,2,2,4,1,27,0,1,0,0,0,0,135,1,0,0,0,0,1,Plant Biology
6,6,7,5,6,6,6,6,7,6,7,5,7,6,7,6,6,6,7,6,6,5,6,6,6,6,6,5,6,6,6,6,6,5,6,6,4,2,3,1,5,4,6,1,4,3,30,0,0,1,0,0,0,136,1,0,0,0,1,1,Ecology
4,5,7,5,5,4,5,6,NA,NA,5,4,5,5,4,4,4,3,4,5,5,4,5,4,5,5,5,5,5,4,5,6,7,4,7,4,2,3,4,1,1,1,2,3,3,2,25,1,0,0,0,0,0,137,1,0,0,0,1,1,Plant Biology
5,4,6,6,4,6,6,6,6,6,6,4,5,5,5,4,4,5,5,5,5,4,5,4,5,5,5,4,4,4,5,5,5,5,5,6,2,1,4,2,2,2,1,4,3,1,25,0,1,0,0,0,0,138,0,1,0,0,0,1,Integrative Genetics and Genomics
6,5,6,7,6,5,6,6,7,6,6,4,6,6,6,6,6,6,6,5,5,6,5,4,5,6,4,5,6,6,5,7,5,5,7,6,2,4,5,2,4,2,5,4,3,5,31,0,0,1,1,0,0,139,1,0,0,0,0,1,Animal Biology
7,6,7,7,7,7,7,6,6,6,7,5,6,6,6,5,7,6,7,7,7,6,6,6,6,7,6,6,7,6,6,7,6,6,7,6,2,1,3,1,3,4,4,3,5,1,28,0,0,1,0,0,1,140,1,0,0,0,1,1,"Biochemistry, Molecular, Cellular and Developmental Biology"
6,7,7,6,5,6,5,6,7,6,6,4,4,5,5,5,6,5,6,7,7,6,6,7,7,7,7,7,6,5,6,7,6,6,7,6,1,1,6,1,3,3,3,2,1,2,34,0,0,1,0,0,0,141,1,0,0,0,0,1,Other8
7,7,7,7,7,7,7,7,7,7,7,6,7,7,7,6,7,6,7,7,7,7,7,7,7,7,7,7,6,7,7,7,7,7,7,7,7,7,7,3,3,3,4,7,7,1,28,0,0,1,0,0,0,142,0,1,0,0,0,1,Conservation Management Program (Ecology)
5,5,5,7,6,NA,3,4,5,3,5,5,4,5,4,5,5,6,7,4,6,3,6,6,4,4,5,4,4,3,5,5,6,6,7,4,5,4,5,5,4,4,4,4,5,2,24,0,0,1,0,0,0,143,1,0,0,0,0,1,Entomology
6,6,NA,5,6,7,6,6,7,5,6,5,5,5,6,5,5,5,6,6,6,5,5,7,6,5,6,5,6,6,6,7,7,7,7,7,3,1,1,1,5,5,3,5,1,1,27,0,0,1,0,0,0,144,0,1,0,0,1,1,Master of Professional Accountancy
5,5,6,7,6,6,5,4,6,6,6,3,5,5,6,5,6,6,6,6,6,6,7,6,6,6,6,6,5,6,5,7,7,6,7,7,1,1,1,1,5,5,4,5,1,1,30,0,1,0,0,0,0,145,0,1,0,0,0,1,Master of Professional Accountancy
5,6,7,6,5,4,5,6,7,6,5,5,6,5,6,5,7,6,7,6,7,6,6,5,5,6,5,6,5,6,4,6,7,5,6,5,3,5,4,3,2,4,3,4,4,1,22,0,1,0,0,0,0,146,0,1,0,0,0,1,Master of Professional Accountancy
7,7,7,7,7,7,6,6,7,5,6,4,6,5,6,6,7,7,6,6,6,6,7,7,6,6,7,7,6,6,7,7,NA,6,7,7,7,7,7,7,7,7,7,7,7,1,26,NA,NA,NA,NA,NA,NA,147,1,0,0,0,NA,1,Integrative Genetics and Genomics
5,7,7,5,6,5,6,7,6,6,6,6,5,5,6,5,6,3,7,5,7,5,5,6,7,NA,5,6,5,5,6,5,6,6,6,6,6,4,NA,2,2,5,4,5,5,1,27,0,0,1,0,0,0,148,1,0,0,0,1,1,Integrative Genetics and Genomics
5,5,5,3,4,5,4,5,5,5,3,4,3,5,4,4,5,4,4,5,5,5,3,4,5,4,4,5,5,4,6,5,4,4,5,4,3,5,5,2,2,4,4,5,6,1,24,0,0,0,0,0,1,149,0,1,0,0,1,1,Computer Science
7,6,7,7,7,6,4,2,5,5,7,2,6,1,1,2,5,6,7,3,2,1,6,4,7,4,4,2,1,4,6,7,7,6,7,6,7,6,7,5,NA,4,7,7,3,2,26,0,1,0,0,0,0,150,1,0,0,0,1,1,Electrical and Computer Engineering
6,6,7,5,6,4,6,6,7,4,5,4,5,3,3,2,NA,5,5,6,6,5,5,6,7,5,4,5,4,5,6,6,5,4,5,6,6,4,7,NA,2,2,3,3,4,3,31,0,1,0,0,0,0,151,1,0,0,0,1,1,Communication
6,6,6,5,6,5,6,6,6,6,6,5,5,5,5,5,5,4,4,4,5,5,5,6,5,6,6,6,6,6,6,5,6,6,6,6,5,4,6,2,3,3,3,5,5,1,25,0,1,0,0,0,0,152,0,1,0,0,1,1,Electrical and Computer Engineering
7,7,7,7,7,7,7,7,7,7,7,7,7,7,7,7,7,7,7,7,7,7,7,7,7,7,7,7,7,7,7,7,7,7,7,7,7,7,7,7,7,7,7,7,7,NA,22,0,1,0,0,0,0,153,0,1,0,0,1,1,Electrical and Computer Engineering
6,5,5,5,5,7,6,4,7,6,5,5,7,5,6,5,7,6,5,7,7,7,6,5,6,5,4,5,5,6,3,5,4,6,6,6,3,2,4,1,4,3,4,2,2,1,22,0,1,0,0,0,0,154,0,1,0,0,1,1,Electrical and Computer Engineering
6,6,4,2,3,3,5,6,5,4,3,3,3,6,5,2,5,2,3,5,6,5,3,1,6,6,5,6,3,5,5,2,6,6,6,3,2,1,4,5,2,3,5,4,2,1,26,0,1,0,0,0,0,155,0,1,0,0,0,1,Electrical and Computer Engineering
6,6,7,6,5,6,4,7,7,6,6,5,6,7,6,6,6,6,7,6,7,6,7,6,7,7,7,7,6,6,7,7,7,7,7,6,4,2,3,4,2,4,4,4,3,2,22,0,0,0,1,0,0,156,0,1,0,0,0,1,Electrical and Computer Engineering
6,6,6,5,5,6,5,5,4,5,5,4,4,5,5,6,6,6,6,4,NA,6,4,3,3,4,4,5,5,5,5,5,6,6,6,6,4,2,1,4,2,3,3,1,2,2,23,0,1,0,0,0,0,157,0,1,0,0,1,1,Electrical and Computer Engineering
6,6,5,4,5,4,4,5,6,5,6,2,4,3,4,4,5,5,6,6,6,6,6,4,6,4,5,6,6,6,6,7,4,4,5,6,2,1,2,3,4,5,6,6,5,1,25,0,0,1,0,0,0,158,0,1,0,0,1,1,Electrical and Computer Engineering
5,6,7,6,5,5,7,7,7,7,7,4,3,6,3,6,4,4,7,7,7,3,6,4,6,5,5,7,7,5,7,7,7,3,7,4,5,1,6,1,3,4,5,3,3,1,22,0,1,0,0,0,0,159,0,1,0,0,1,1,Electrical and Computer Engineering
6,6,5,6,5,7,6,4,4,4,5,5,5,5,4,4,3,5,7,5,6,3,4,4,5,5,4,3,4,3,7,5,5,6,7,7,3,NA,4,1,2,3,4,2,3,1,23,0,1,0,0,0,0,160,0,1,0,0,1,1,Electrical and Computer Engineering
5,6,7,6,6,6,7,5,6,6,6,4,5,6,5,6,6,6,6,7,7,4,6,6,7,7,6,6,5,6,6,7,7,6,7,7,2,2,3,2,2,2,4,3,2,1,22,0,1,0,0,0,0,161,0,1,0,0,1,1,Electrical and Computer Engineering
5,5,5,6,6,6,5,5,6,5,6,4,5,6,6,5,6,6,6,6,6,5,6,6,5,4,5,6,6,5,6,6,6,6,7,6,6,5,7,5,4,5,6,6,6,2,22,0,1,0,0,0,0,162,0,1,0,0,1,1,Electrical and Computer Engineering
3,6,6,6,6,6,5,7,7,4,4,3,6,5,5,4,4,6,5,7,7,5,4,4,7,6,6,7,4,5,7,7,NA,4,7,6,4,3,4,2,2,5,4,2,4,1,24,0,1,0,0,0,0,163,0,1,0,0,1,1,Electrical and Computer Engineering
6,6,5,5,5,3,3,5,5,5,3,3,5,7,5,5,5,5,6,3,5,5,2,3,5,6,3,5,3,3,6,7,5,5,6,3,6,5,4,2,1,2,2,6,2,1,22,0,1,0,0,0,0,164,0,1,0,0,0,1,Electrical and Computer Engineering
7,7,6,6,5,6,6,6,6,4,6,4,4,6,6,6,6,5,4,6,6,5,5,5,6,6,6,6,5,6,6,6,7,4,NA,7,6,5,4,1,3,4,5,6,6,1,22,0,1,0,0,0,0,165,0,1,0,0,1,1,Electrical and Computer Engineering
7,6,6,5,6,5,5,6,5,4,5,4,5,5,6,6,6,4,6,6,6,5,5,6,5,5,4,5,5,4,6,6,5,6,5,6,6,6,2,6,4,3,3,NA,5,2,26,0,0,1,0,0,0,166,0,1,0,0,1,1,Electrical and Computer Engineering
7,6,7,7,7,6,7,7,7,6,7,6,6,5,6,6,6,7,7,6,7,7,6,6,6,6,6,6,7,6,6,7,7,7,7,7,6,7,7,7,6,7,7,7,7,2,29,0,0,0,0,0,1,167,0,1,0,0,1,1,Electrical and Computer Engineering
5,3,5,2,4,3,6,7,6,5,5,5,6,4,5,5,4,6,6,6,7,6,6,5,6,5,6,7,6,6,6,5,6,6,6,6,4,4,4,2,7,6,4,5,6,3,26,0,1,0,0,0,0,168,1,0,0,0,1,1,Other6
3,6,6,5,5,5,6,6,6,5,6,6,6,6,5,NA,6,6,5,7,6,6,5,5,5,6,5,6,7,5,6,6,5,7,6,6,2,3,2,1,3,4,4,4,3,1,24,0,1,0,0,0,0,169,0,1,0,0,1,1,Electrical and Computer Engineering
4,5,6,5,4,6,6,6,7,4,5,3,5,5,5,6,5,4,7,5,6,4,5,4,4,6,5,6,6,4,5,5,6,4,7,5,1,1,4,1,3,2,1,2,1,1,23,0,1,0,0,0,0,170,0,1,0,0,1,1,Electrical and Computer Engineering
6,7,6,6,5,5,5,6,7,6,6,5,6,6,5,5,6,5,6,6,6,5,5,5,6,5,5,6,5,5,6,6,6,6,7,6,3,4,6,1,4,5,3,6,4,1,22,0,0,1,0,0,0,171,0,1,0,0,1,1,Electrical and Computer Engineering
7,7,7,5,7,7,5,5,7,6,7,4,7,7,6,7,7,5,7,7,7,6,5,7,7,7,6,7,5,6,7,7,7,7,7,6,7,5,7,7,7,5,7,7,7,1,24,0,0,1,0,0,0,172,1,0,0,0,1,1,Electrical and Computer Engineering
5,5,6,6,6,5,5,6,6,5,3,3,5,5,5,5,6,3,6,5,6,3,5,5,6,5,5,5,3,5,6,5,5,5,5,3,4,3,4,2,3,3,3,2,3,2,29,0,0,1,0,0,0,173,1,0,0,0,1,1,Electrical and Computer Engineering
6,5,7,5,5,6,6,5,5,6,7,5,6,6,7,6,6,6,7,6,6,6,5,6,7,7,5,6,6,7,5,7,6,6,6,5,5,5,6,4,6,6,6,5,4,1,26,0,1,0,0,0,0,174,1,0,0,0,1,1,Electrical and Computer Engineering
7,7,7,6,7,7,6,6,7,7,6,5,7,7,6,6,7,7,7,7,7,6,6,7,7,7,7,7,6,7,6,7,7,7,7,6,7,5,5,2,7,7,7,7,7,1,23,0,0,1,0,0,0,175,0,1,0,0,0,1,Electrical and Computer Engineering
6,6,6,7,7,7,6,6,7,7,6,6,5,5,6,5,5,6,6,6,6,6,5,6,6,6,5,5,6,6,6,7,7,7,6,6,3,1,NA,1,3,3,3,4,3,1,22,0,1,0,0,0,0,176,0,1,0,0,1,1,Electrical and Computer Engineering
5,6,7,7,6,5,6,7,7,6,6,6,5,7,5,7,7,6,7,7,7,5,6,7,5,7,7,7,6,5,6,6,5,5,7,5,5,1,3,4,5,6,6,4,4,1,23,0,0,1,0,0,0,177,0,1,0,0,1,1,Electrical and Computer Engineering
7,6,6,5,6,6,5,5,7,5,6,5,6,5,4,5,6,4,7,5,6,4,5,7,7,5,5,4,7,5,4,6,4,4,7,6,5,4,4,1,4,5,3,4,5,1,23,0,0,1,0,0,0,178,0,1,0,0,1,1,Materials Science and Engineering
6,6,6,5,6,5,6,6,5,6,6,6,6,5,6,5,6,6,7,6,7,6,6,7,6,6,7,6,6,5,6,5,6,5,6,6,6,4,4,4,2,3,2,4,3,1,28,0,0,0,0,0,1,179,1,0,0,0,0,1,Electrical and Computer Engineering
7,7,7,7,7,7,6,7,7,7,7,7,7,7,7,7,7,7,7,7,7,7,7,7,7,7,7,7,7,7,7,7,7,7,7,7,7,7,7,7,7,7,7,7,7,1,27,0,0,0,1,0,0,180,1,0,0,0,1,1,Electrical and Computer Engineering
7,7,7,7,7,7,7,7,7,7,7,6,6,5,6,6,6,5,6,5,6,5,6,5,6,6,6,5,6,6,7,7,7,7,6,7,5,4,7,7,7,6,6,6,6,2,34,0,0,0,0,0,1,181,1,0,0,0,0,1,Electrical and Computer Engineering
5,5,5,5,5,5,4,4,6,5,5,4,3,4,4,6,5,4,6,5,4,3,4,6,6,6,6,6,6,6,6,6,5,4,7,7,4,1,7,1,4,5,2,3,2,1,NA,0,1,0,1,0,0,182,0,1,0,0,1,1,NA
6,5,7,5,4,4,3,2,5,3,5,5,4,6,5,3,5,5,7,5,6,3,7,7,4,5,7,5,5,5,6,7,7,4,7,5,7,7,7,3,2,2,4,7,6,2,27,0,0,1,0,0,0,183,1,0,0,0,1,1,Materials Science and Engineering
5,5,6,6,5,7,7,6,7,7,6,6,5,6,5,5,6,7,7,6,6,6,6,7,7,6,7,6,5,6,6,7,7,6,7,7,3,2,2,4,5,2,5,2,4,1,23,0,0,1,0,0,0,184,0,1,0,0,1,1,Master of Professional Accountancy
4,4,4,4,4,4,4,4,4,4,4,4,4,4,4,4,4,4,4,4,4,4,4,4,4,4,4,4,4,4,4,4,4,4,4,4,4,4,4,4,4,4,4,4,4,1,NA,0,1,0,0,0,0,185,1,0,0,0,1,1,Electrical and Computer Engineering
7,2,7,7,4,5,6,6,7,4,4,4,6,6,5,4,6,4,7,6,5,4,7,6,7,4,7,4,6,7,7,7,7,5,7,5,2,2,3,2,5,3,2,5,2,2,52,1,0,0,0,0,0,186,1,0,0,0,0,1,Epidemiology
4,4,5,4,4,3,4,4,4,4,4,4,4,4,4,4,4,4,4,4,4,4,4,4,5,4,4,4,4,4,4,4,4,5,7,6,4,2,5,2,6,4,4,3,4,1,NA,0,1,0,0,0,0,187,1,0,0,0,0,1,Epidemiology
6,6,6,5,6,6,6,6,7,6,6,5,6,6,6,6,6,6,7,4,7,5,6,5,5,5,7,7,6,5,6,6,6,4,7,5,5,4,7,3,7,7,6,7,7,1,36,0,0,1,0,0,0,188,1,0,0,0,0,1,Epidemiology
6,6,7,6,6,6,5,5,7,5,6,6,6,4,4,5,7,5,5,5,5,4,6,4,7,7,6,6,5,5,6,7,6,5,7,5,7,7,1,1,7,7,5,7,3,2,28,0,0,1,0,0,0,189,1,0,0,0,0,1,Epidemiology
5,5,5,6,5,5,5,6,6,6,6,6,5,6,6,5,6,5,6,6,6,5,6,6,5,6,5,6,5,5,6,7,6,6,7,5,NA,NA,NA,NA,NA,NA,NA,NA,NA,2,23,NA,NA,NA,NA,NA,NA,190,1,0,0,0,1,1,Electrical and Computer Engineering
6,6,6,6,6,6,6,6,6,6,6,6,6,6,6,6,6,6,6,6,6,6,6,6,6,6,6,6,6,6,6,6,6,6,6,6,3,2,2,4,4,4,4,4,4,1,23,0,1,0,0,0,0,191,0,1,0,0,0,1,Master of Professional Accountancy
5,6,6,6,6,6,5,6,7,6,5,4,5,6,6,5,5,6,5,6,5,6,6,6,6,5,5,6,5,4,6,5,6,5,5,5,5,6,5,5,6,5,5,6,5,1,22,0,1,0,0,0,0,192,0,1,0,0,0,1,Master of Professional Accountancy
5,5,5,5,4,5,5,6,6,6,6,3,5,4,5,6,6,5,6,5,5,4,6,5,6,5,3,4,4,5,5,6,5,5,4,5,2,1,1,1,1,4,4,4,4,1,24,0,1,0,0,0,0,193,0,1,0,0,1,1,Master of Professional Accountancy
5,7,7,5,5,6,4,6,6,6,7,3,3,6,5,4,6,6,6,5,6,4,5,7,7,5,6,5,5,7,5,6,5,6,7,3,1,1,1,1,7,4,2,6,1,1,32,0,0,1,0,0,0,194,0,1,0,0,1,1,Master of Professional Accountancy
3,5,6,4,5,5,5,5,6,4,7,7,6,7,5,5,3,6,4,5,7,6,7,3,4,6,5,4,7,6,5,6,6,6,5,7,5,3,4,4,6,3,2,4,3,1,25,0,1,0,0,0,0,195,0,1,0,0,0,1,Master of Professional Accountancy
7,7,7,3,3,6,5,5,6,5,5,2,5,6,5,3,5,5,7,5,6,5,5,1,6,3,5,5,1,5,7,7,6,3,7,5,1,1,1,1,7,7,4,7,7,1,29,0,1,0,0,0,0,196,0,1,0,0,0,1,Master of Professional Accountancy
7,7,4,3,3,3,4,3,3,4,5,6,5,5,5,4,5,6,5,5,4,4,5,3,6,5,6,6,4,5,6,NA,2,3,4,4,5,5,4,3,5,4,2,4,4,1,23,0,1,0,0,0,0,197,0,1,0,0,0,1,Master of Professional Accountancy
6,6,6,6,6,6,6,6,6,6,6,6,6,6,6,6,6,6,6,6,6,6,6,6,5,6,7,6,5,6,6,7,7,6,6,6,4,2,5,4,5,4,4,4,4,1,25,0,1,0,0,0,0,198,0,1,0,0,1,1,Master of Professional Accountancy
3,5,6,5,5,4,7,6,6,5,6,5,5,6,6,5,6,5,7,3,6,5,6,3,6,5,5,6,6,5,7,7,6,5,5,5,4,2,2,2,4,4,2,3,2,1,24,0,1,0,0,0,0,199,0,1,0,0,1,1,Master of Professional Accountancy
5,5,6,6,6,5,5,5,5,5,5,6,6,6,6,5,6,6,5,5,6,6,6,6,7,7,6,6,6,7,6,6,6,6,6,7,6,3,3,1,2,2,2,2,2,1,28,0,1,0,0,0,0,200,0,1,0,0,0,1,Master of Professional Accountancy
6,6,6,5,6,6,6,6,6,6,6,6,6,6,6,6,6,6,6,6,6,6,6,6,6,6,6,6,6,6,6,6,6,6,6,6,6,6,6,6,6,6,6,6,6,1,29,0,1,0,0,0,0,201,0,1,0,0,0,1,Master of Professional Accountancy
5,6,7,5,6,6,5,6,5,6,6,6,5,5,6,6,5,4,5,6,6,6,5,6,6,6,5,5,6,4,5,6,4,5,6,5,4,4,3,3,4,4,4,3,3,1,22,0,1,0,0,0,0,202,0,1,0,0,0,1,Master of Professional Accountancy
5,5,5,4,6,6,7,7,7,7,5,5,5,6,5,6,5,6,5,NA,7,5,5,5,5,4,5,6,6,5,5,6,6,6,6,5,5,5,6,5,6,6,5,6,6,1,23,0,1,0,0,0,0,203,0,1,0,0,0,1,Master of Professional Accountancy
5,5,6,6,5,5,6,6,7,6,6,5,5,6,6,6,5,5,6,6,6,5,6,7,6,5,5,6,6,6,7,7,6,6,7,5,2,1,1,2,2,2,1,1,1,1,23,0,0,0,0,0,1,204,0,1,0,0,1,1,Master of Professional Accountancy
5,5,5,5,4,4,5,6,6,5,5,6,6,5,6,5,6,6,7,6,6,6,6,5,7,5,5,4,4,5,4,4,5,5,7,6,1,1,1,1,6,3,2,1,1,1,36,0,0,1,0,0,0,205,0,1,0,0,0,1,Master of Professional Accountancy
5,5,5,6,5,5,5,6,7,6,6,6,6,6,5,5,5,7,7,3,5,3,2,5,7,2,2,3,6,4,7,7,6,7,7,6,2,2,3,1,4,3,3,7,3,1,23,0,1,0,0,0,0,206,0,1,0,0,1,1,Master of Professional Accountancy
6,5,6,5,5,6,6,6,6,5,6,5,5,6,5,5,5,6,5,5,6,5,6,6,6,6,5,6,5,5,5,6,5,5,6,5,2,4,2,3,2,3,2,3,2,1,23,0,1,0,0,0,0,207,0,1,0,0,1,1,Master of Professional Accountancy
7,7,7,7,7,7,6,6,6,6,6,6,6,6,6,6,7,7,6,6,6,7,7,6,7,7,6,6,6,7,6,6,6,6,6,7,4,5,5,4,7,6,6,4,4,1,26,0,0,0,0,0,1,208,0,1,0,0,1,1,Master of Professional Accountancy
5,6,5,5,6,6,5,6,6,6,6,4,5,6,5,5,5,5,6,6,6,5,6,6,6,5,4,5,5,5,6,6,6,4,6,6,1,1,1,2,2,3,3,1,2,1,24,0,0,1,0,0,0,209,0,1,0,0,1,1,Master of Professional Accountancy
5,5,6,5,5,5,5,6,5,5,5,5,5,6,5,5,6,5,6,6,6,5,6,5,6,6,5,5,5,5,5,5,6,5,5,5,4,4,4,4,5,4,4,5,5,1,29,0,1,0,0,0,0,210,0,1,0,0,0,1,Master of Professional Accountancy
6,6,6,6,6,6,6,5,6,5,5,5,5,6,6,6,6,5,5,5,6,6,5,6,6,6,6,6,6,6,6,6,5,6,6,6,5,5,6,5,6,6,5,6,5,1,23,0,1,0,0,0,0,211,0,1,0,0,0,1,Master of Professional Accountancy
5,6,5,5,6,5,5,5,5,6,5,5,6,5,5,5,5,5,5,6,5,5,6,5,5,6,5,5,5,5,6,5,5,6,5,5,2,2,4,1,2,1,4,5,2,1,24,0,1,0,0,0,0,212,0,1,0,0,0,1,Master of Professional Accountancy
5,5,6,5,5,5,5,6,6,6,6,5,5,5,5,5,5,5,6,6,6,5,6,6,6,5,5,6,6,5,6,6,6,5,6,5,6,3,4,4,5,4,5,6,5,3,27,0,1,0,0,0,0,213,1,0,0,0,1,1,Chemistry
5,4,6,6,6,6,5,5,6,5,6,4,4,6,4,5,6,6,7,7,7,6,6,5,7,6,6,5,5,5,5,7,7,6,7,6,7,7,7,7,6,6,6,7,7,1,31,0,1,0,0,0,0,214,1,0,0,0,1,1,Chemical Engineering
6,6,6,6,3,6,2,6,6,6,2,2,2,6,6,6,6,2,6,6,6,2,2,6,6,6,6,6,6,2,2,6,6,6,6,6,1,1,4,1,5,2,4,1,1,1,24,0,1,0,0,0,0,215,1,0,0,0,1,1,Materials Science and Engineering
5,5,6,6,6,6,5,6,6,6,5,5,5,5,6,6,6,6,6,6,5,6,6,6,5,6,6,6,5,6,5,6,6,6,6,6,4,4,4,4,5,4,3,4,4,NA,28,0,1,0,0,0,0,216,1,0,0,0,1,1,Chemical Engineering
5,6,6,5,5,5,5,5,6,5,4,3,5,6,4,5,5,6,6,5,6,5,5,4,6,5,6,5,5,5,6,5,6,5,6,5,3,2,4,4,4,3,3,2,2,1,22,0,0,1,0,0,0,217,1,0,0,0,1,1,Chemistry
6,6,6,6,6,6,6,6,6,6,6,6,5,5,6,6,6,6,6,6,6,6,6,6,6,6,6,6,6,6,6,6,6,6,6,6,3,1,5,2,5,5,5,3,3,NA,29,0,1,0,0,0,0,218,1,0,0,0,1,1,Materials Science and Engineering
6,6,6,6,6,6,6,5,6,7,6,6,7,6,7,7,6,7,7,6,5,5,6,6,5,4,5,4,5,5,5,4,5,5,4,5,5,4,4,5,4,5,4,5,4,2,26,0,0,1,0,0,0,219,1,0,0,0,0,1,Materials Science and Engineering
6,6,6,5,5,6,3,3,5,3,5,5,5,3,3,5,6,NA,4,5,5,4,5,6,6,3,5,5,5,3,5,6,6,5,6,5,5,4,3,2,5,5,NA,4,4,1,23,0,0,1,0,0,0,220,1,0,0,0,1,1,Chemistry
6,6,6,7,6,6,3,6,6,7,5,5,6,6,5,5,NA,6,6,6,6,3,4,3,6,5,6,NA,5,3,6,6,5,4,7,3,4,5,3,2,5,3,4,6,5,4,28,0,0,1,0,0,0,221,1,0,0,0,0,1,Chemical Engineering
6,7,6,5,6,6,7,7,7,6,5,5,7,6,6,6,6,6,7,7,7,7,6,7,7,7,6,7,7,7,7,6,6,6,6,6,4,6,5,3,4,4,5,6,5,1,25,0,1,0,0,0,0,222,1,0,0,0,1,1,Materials Science and Engineering
5,5,6,5,5,5,5,5,6,4,5,3,5,5,5,6,5,4,5,5,6,5,4,5,4,5,4,5,6,5,6,6,6,5,5,5,3,2,2,3,3,3,3,3,3,1,28,0,1,0,0,0,0,223,1,0,0,0,1,1,Chemistry
5,5,6,4,4,6,5,4,6,6,4,3,3,6,5,5,6,5,7,6,6,4,4,6,4,6,7,6,4,5,7,6,4,5,4,3,2,1,3,2,2,2,2,3,2,1,25,0,0,1,0,0,0,224,1,0,0,0,1,1,Materials Science and Engineering
3,5,6,5,3,3,5,5,6,6,6,5,3,5,4,6,5,5,7,6,6,3,6,3,6,6,6,6,3,4,5,6,6,4,6,3,4,3,5,1,6,4,4,4,4,1,23,0,0,1,0,0,0,225,1,0,0,0,0,1,Materials Science and Engineering
5,7,7,6,5,6,7,7,7,5,7,2,4,5,6,6,6,5,7,7,7,6,6,7,7,7,7,7,7,6,6,7,7,5,7,6,1,1,4,1,4,4,4,4,1,1,22,0,0,1,0,0,0,226,1,0,0,0,0,1,Materials Science and Engineering
7,7,7,7,7,7,7,7,7,7,7,5,7,7,7,7,7,7,7,7,7,7,7,7,7,7,7,5,7,7,7,7,7,7,7,7,7,5,5,5,7,4,7,7,7,1,23,1,0,0,0,0,0,227,1,0,0,0,0,1,Chemistry
6,6,6,6,6,6,6,6,6,6,6,5,6,6,6,6,6,6,6,6,6,6,6,7,6,6,6,6,6,6,6,6,6,6,6,6,6,6,6,6,6,6,6,6,6,2,31,0,0,1,1,0,0,228,1,0,0,0,0,1,Agricultural and Environmental Chemistry
3,3,3,3,3,2,5,5,5,5,4,3,3,4,3,3,3,3,2,4,4,3,3,2,4,3,4,4,4,3,3,5,5,4,5,4,1,1,4,1,4,4,2,1,2,1,35,0,1,0,0,0,0,229,1,0,0,0,1,1,Physics
4,5,7,6,6,7,6,5,6,4,4,6,6,6,5,5,6,4,6,6,6,4,6,6,6,6,5,6,7,6,6,5,6,5,6,4,4,2,5,2,1,3,3,4,1,1,30,0,0,1,0,0,0,230,1,0,0,0,1,1,Materials Science and Engineering
5,6,6,6,5,5,6,6,6,6,5,5,5,6,6,6,6,5,6,6,6,6,6,4,6,6,6,6,6,6,5,6,6,6,7,7,4,4,3,2,5,5,5,4,6,NA,NA,NA,NA,NA,NA,NA,NA,231,1,0,0,0,0,1,NA
5,7,6,5,4,6,4,5,7,7,6,3,5,5,5,6,7,6,6,6,7,5,5,5,4,5,4,7,5,4,6,6,6,5,7,5,6,7,4,1,4,5,5,6,2,5,29,0,0,1,0,0,0,232,1,0,0,0,1,1,Chemical Engineering
7,6,7,6,7,6,6,6,7,5,6,5,7,6,7,7,7,6,7,6,6,6,6,7,7,6,7,6,7,7,6,6,7,7,7,7,5,6,7,7,7,7,6,6,7,1,24,0,0,1,0,0,1,233,1,0,0,0,1,1,Chemistry
5,5,6,6,4,6,5,5,6,6,6,4,5,5,4,5,5,5,5,4,5,5,6,5,6,5,6,5,5,5,4,6,6,4,6,6,2,2,2,2,5,5,5,5,3,1,24,0,1,0,0,0,0,234,1,0,0,0,1,1,Chemistry
5,6,6,5,6,4,3,4,7,4,7,4,2,6,6,6,7,4,7,5,5,7,5,3,7,4,6,7,6,5,6,6,7,4,7,4,4,7,3,1,3,1,4,4,2,1,26,0,0,0,1,0,0,235,1,0,0,0,0,1,Chemistry
7,5,6,5,5,6,4,5,7,5,7,5,5,4,3,4,7,6,7,5,7,5,7,7,7,5,4,6,6,7,7,7,6,5,7,5,4,5,2,1,2,4,6,6,3,1,23,0,0,1,0,0,0,236,1,0,0,0,0,1,Chemistry
5,6,5,6,4,4,5,5,4,6,5,4,3,5,5,6,6,5,5,4,6,5,4,5,5,6,4,6,5,5,6,6,5,4,6,5,2,3,3,4,5,5,4,2,4,2,24,0,0,1,1,0,0,237,1,0,0,0,1,1,Chemistry
6,6,7,5,6,6,7,5,6,7,5,5,4,5,5,6,7,5,6,6,5,5,6,4,5,5,4,6,5,5,6,7,6,5,7,7,NA,NA,NA,NA,NA,NA,NA,NA,NA,NA,NA,NA,NA,NA,NA,NA,NA,238,NA,NA,NA,NA,NA,1,NA
7,6,6,4,5,5,5,6,6,7,5,4,5,4,6,7,6,6,5,6,5,3,5,3,5,5,5,6,5,3,3,6,5,6,6,6,7,5,7,4,5,NA,5,6,7,NA,23,0,1,0,0,0,0,239,1,0,0,0,1,1,Materials Science and Engineering
5,5,5,4,5,5,6,6,6,6,4,4,5,3,3,5,3,3,3,5,5,5,5,3,5,3,5,5,5,3,5,5,5,5,5,4,4,1,1,1,1,1,1,1,1,1,23,0,1,0,0,0,0,240,1,0,0,0,0,1,Chemistry
5,5,7,6,5,6,4,5,7,7,5,2,2,5,4,5,4,5,7,6,6,5,4,4,6,6,4,5,4,5,6,5,5,4,6,4,4,6,5,2,2,3,3,4,3,2,23,0,0,1,0,0,0,241,1,0,0,0,1,1,Pharmacology and Toxicology
7,7,7,6,5,7,6,6,7,7,7,4,6,6,6,7,6,5,6,4,7,5,6,7,6,7,7,6,6,7,7,7,6,5,7,7,5,2,1,4,7,3,7,5,7,4,25,0,0,1,0,0,0,242,1,0,0,0,1,1,Chemistry
6,6,6,6,6,6,5,5,7,5,3,3,4,6,7,5,6,5,6,6,5,5,6,4,5,5,6,6,5,5,5,6,6,5,6,6,2,1,1,2,4,2,2,1,3,4,26,0,0,1,0,0,0,243,1,0,0,0,1,1,Chemistry
7,6,7,7,6,6,5,5,7,4,5,3,5,6,6,5,7,6,7,7,7,7,6,7,6,6,7,5,6,4,6,7,7,4,7,7,7,7,7,7,7,5,7,7,7,3,30,1,0,0,0,0,0,244,1,0,0,0,1,1,Applied Science Engineering
5,5,6,6,5,5,5,5,6,6,5,4,5,5,6,4,5,5,4,6,6,6,6,7,5,6,5,5,5,6,7,6,6,6,5,5,1,1,1,3,3,2,4,1,1,NA,NA,0,1,0,0,0,0,245,1,0,0,0,1,1,NA
6,6,7,5,6,5,6,6,6,5,6,5,5,5,5,6,6,3,7,6,6,5,6,5,6,4,5,4,6,5,3,5,5,5,6,6,2,3,4,4,4,2,2,5,5,1,22,1,1,1,0,1,0,246,1,0,0,0,0,1,Food Science
3,5,6,5,5,3,6,6,7,6,6,5,5,3,5,5,NA,3,6,6,6,3,5,6,6,3,5,2,6,3,6,6,6,3,6,2,3,4,3,1,3,2,3,3,4,1,22,0,0,1,0,0,0,247,1,0,0,0,1,1,Food Science
5,4,7,5,5,5,6,5,7,6,3,5,2,5,3,5,5,3,7,7,6,5,5,6,6,5,6,3,3,5,6,6,7,5,6,5,1,2,3,1,3,3,1,4,5,1,23,0,0,1,0,0,0,248,0,1,0,0,1,1,Food Science
4,5,5,5,5,6,7,7,7,6,5,5,5,6,5,3,5,4,5,3,5,3,4,2,6,5,6,5,4,3,5,6,3,5,7,5,2,2,3,1,2,2,2,3,3,1,24,0,1,0,0,0,0,249,0,1,0,0,0,1,Food Science
6,6,5,5,5,5,6,5,6,6,7,7,7,5,6,5,6,6,5,6,6,7,6,6,6,4,6,4,6,6,4,7,6,6,7,6,7,3,3,4,2,3,4,6,3,1,24,0,0,0,1,0,0,250,0,1,0,0,0,1,Food Science
2,5,6,6,3,5,5,5,6,5,6,5,4,6,4,6,5,5,6,6,6,5,6,5,6,6,6,6,6,5,6,6,6,3,7,3,3,3,5,5,5,4,2,3,2,1,23,0,1,0,0,0,0,251,0,1,0,0,0,1,Food Science
5,5,6,6,5,6,7,6,7,6,6,3,6,5,5,5,6,5,7,7,7,5,6,5,6,5,5,6,6,7,7,6,4,6,6,5,5,4,4,2,5,4,4,5,5,1,24,0,0,1,0,0,0,252,0,1,0,0,1,1,Food Science
6,5,6,5,5,5,5,5,5,6,6,2,5,5,5,5,6,4,6,5,5,4,3,3,5,5,5,5,5,3,6,5,4,5,6,5,4,5,5,2,5,3,4,5,4,1,23,0,1,0,0,0,0,253,0,1,0,0,1,1,Agricultural and Environmental Chemistry
5,6,6,6,6,6,6,6,7,6,6,3,5,6,6,5,5,5,7,6,6,5,5,4,6,5,6,5,6,5,6,7,7,5,7,6,4,1,1,1,4,4,4,3,4,1,26,0,1,0,0,0,0,254,0,1,0,0,0,1,Food Science
6,6,5,6,5,4,5,6,7,6,6,4,6,6,5,5,6,5,7,6,5,4,5,4,7,5,4,7,4,3,7,6,6,5,7,6,3,2,6,4,6,2,6,5,2,1,30,0,1,0,0,0,0,255,1,0,0,0,1,1,Other7
7,6,7,5,4,6,5,4,6,5,5,4,4,4,4,4,6,6,6,6,6,5,5,5,4,5,5,5,4,4,6,6,4,5,5,5,4,2,7,7,3,2,6,5,2,1,24,0,1,0,0,0,0,256,1,0,0,0,0,1,Microbiology
5,5,6,5,5,5,3,4,5,3,6,5,3,5,5,5,6,3,6,6,6,3,5,5,5,5,4,3,3,5,5,6,6,3,6,3,4,2,5,1,3,2,2,5,4,1,22,0,0,1,0,0,0,257,1,0,0,0,0,1,Food Science
6,6,7,5,5,5,6,6,6,5,5,4,5,5,6,5,6,5,7,6,6,5,6,7,7,7,6,6,6,5,7,6,6,6,7,6,6,6,6,4,5,5,6,7,5,NA,25,0,1,0,0,0,0,258,1,0,0,0,0,1,Food Science
5,6,5,5,4,4,6,6,6,6,4,5,5,6,6,6,7,4,4,5,6,6,6,5,5,5,NA,4,4,4,6,6,5,4,6,4,1,4,4,3,5,4,5,1,3,1,30,0,0,0,1,0,0,259,1,0,0,0,1,1,Food Science
6,6,7,7,7,7,5,6,7,5,7,5,6,5,5,6,6,6,7,NA,6,6,6,6,7,5,5,5,7,6,3,7,7,7,7,7,5,7,7,1,4,4,5,7,2,2,28,0,0,1,0,0,0,260,0,1,0,0,0,1,Geography
6,6,7,7,7,7,6,6,7,6,7,5,6,6,7,6,7,7,7,7,7,6,7,7,7,6,6,6,6,6,6,7,6,6,7,7,7,4,7,5,7,7,7,7,6,1,31,0,0,1,0,0,0,261,1,0,0,0,0,1,Geography
5,3,6,5,3,5,5,6,6,5,5,4,5,3,6,5,5,6,6,5,5,4,5,3,5,4,5,3,4,3,4,6,6,4,6,5,4,2,5,2,4,4,2,4,3,1,24,0,0,1,0,0,0,262,0,1,0,0,0,1,International Agricultural Development
6,6,7,7,7,6,5,7,6,7,6,4,6,7,5,4,7,7,6,6,6,5,5,3,6,6,7,6,5,6,6,7,6,6,7,7,4,5,4,3,3,3,3,5,4,2,25,0,0,1,0,0,0,263,1,0,0,0,0,1,Immunology
7,6,7,6,6,5,6,6,6,5,6,5,5,6,4,5,5,5,7,6,6,4,5,5,6,5,5,6,5,5,6,7,7,6,7,6,6,4,4,3,3,4,5,6,6,2,24,0,1,0,0,0,0,264,1,0,0,0,1,1,Immunology
6,5,6,6,6,4,4,5,5,5,5,5,5,5,5,6,6,5,6,6,6,6,6,5,4,5,5,5,5,4,5,5,5,6,6,6,3,1,2,2,4,4,3,3,4,2,28,0,1,0,0,0,0,265,1,0,0,0,0,1,Microbiology
5,6,6,6,5,4,4,5,6,7,6,5,4,5,4,5,5,5,6,6,6,5,6,4,5,6,6,5,5,5,6,6,6,5,6,4,2,3,5,1,3,3,3,2,3,2,25,0,0,1,0,0,0,266,1,0,0,0,0,1,Microbiology
4,5,6,5,5,5,6,7,5,6,7,6,6,6,NA,5,7,4,4,5,6,5,4,6,6,6,5,7,5,4,7,5,4,5,7,6,6,6,7,1,2,1,1,4,5,NA,35,0,0,1,0,0,0,267,1,0,0,0,1,1,Animal Biology
4,3,5,4,5,5,3,4,6,4,5,3,4,5,4,5,5,5,6,5,6,4,5,5,3,3,4,6,4,3,5,4,6,3,5,5,5,4,6,4,3,2,2,2,2,2,25,0,0,1,0,0,0,268,1,0,0,0,1,1,Materials Science and Engineering
5,5,5,4,5,5,7,6,7,6,6,5,5,NA,6,6,6,6,6,6,6,6,6,6,6,6,4,6,6,6,6,6,6,5,6,6,1,1,1,1,1,3,6,1,1,1,25,0,0,1,0,0,0,269,0,1,0,0,1,1,Computer Science
7,5,7,5,7,7,5,6,7,5,7,4,5,7,5,4,7,6,3,4,7,5,7,6,7,6,5,7,5,5,NA,7,7,6,7,6,6,6,1,2,5,6,7,6,5,2,32,0,0,1,0,0,0,270,0,1,0,0,1,1,Computer Science
4,6,7,6,5,5,6,5,6,6,6,6,5,5,6,5,5,5,5,6,5,6,6,6,5,6,6,5,6,5,6,5,6,6,5,6,6,2,1,1,2,5,4,5,6,1,22,0,1,0,0,0,0,271,0,1,0,0,1,1,Computer Science
6,6,6,6,7,7,5,5,6,5,5,5,6,6,6,5,6,5,7,6,5,5,6,5,6,6,7,5,5,5,6,5,6,6,7,6,2,2,1,2,2,2,2,2,2,1,25,0,1,0,0,0,0,272,0,1,0,0,0,1,Computer Science
6,6,5,6,6,6,7,7,6,6,6,5,5,5,4,6,5,5,5,5,6,5,4,4,5,5,6,5,5,4,4,5,5,5,6,5,2,3,3,2,4,4,2,2,2,1,22,0,1,0,0,0,0,273,0,1,0,0,0,1,Computer Science
7,6,6,5,6,7,7,7,7,6,6,6,6,6,5,6,7,6,7,7,6,6,6,6,7,7,4,5,5,6,7,6,6,6,7,5,3,3,2,4,4,5,6,3,4,4,20,0,1,0,0,0,0,274,0,0,1,0,1,1,Computer Science
6,6,6,6,4,5,7,5,7,5,4,5,5,6,6,5,6,6,6,6,7,6,6,6,7,6,6,5,5,6,6,7,6,6,6,5,2,4,1,1,3,3,4,4,1,2,27,0,0,1,0,0,0,275,0,1,0,0,1,1,Computer Science
5,4,3,3,4,5,4,4,5,5,4,4,6,6,6,6,7,6,7,6,5,6,5,6,5,4,4,5,5,4,5,6,5,3,5,3,1,1,1,1,3,2,2,1,1,1,23,0,0,1,0,0,0,276,0,1,0,0,1,1,Computer Science
7,6,6,7,5,5,7,6,5,5,5,5,6,6,6,6,7,2,5,5,5,6,4,6,6,5,6,6,5,5,5,6,6,5,5,5,5,5,5,3,5,6,6,5,5,1,29,0,1,0,0,0,0,277,1,0,0,0,1,1,Computer Science
6,7,7,7,5,5,6,6,7,6,6,5,6,6,6,7,5,5,5,5,6,5,6,6,6,7,6,7,NA,5,7,6,7,6,7,7,5,2,1,2,2,2,2,1,1,2,23,NA,NA,NA,NA,NA,NA,278,1,0,0,0,1,1,Computer Science
2,4,5,3,2,2,6,3,6,5,3,2,4,4,4,4,2,2,2,5,6,4,5,5,3,5,4,6,6,3,4,6,6,3,6,5,3,2,1,1,2,2,3,3,2,1,22,0,1,0,0,0,0,279,0,1,0,0,1,1,Computer Science
6,7,7,7,6,6,6,6,6,6,6,5,5,5,5,5,6,7,7,7,7,5,5,6,6,7,6,7,6,6,7,7,6,6,6,6,7,7,7,7,7,7,6,6,6,2,39,0,0,1,0,0,0,280,1,0,0,0,1,1,Computer Science
