ID,Online,id138,id105,id130,id132,id125,id137,i133,id140,id122,id146,id110,id143,id108,id149,id117,id119,id104,id154,id134,EFA Participant,Work with Faculty,Write Papers,Take Classes,Attend Conference,Read Journals,Use Terminology,Explore Theories,Work with others,Discuss Research,degree.doctorate,degree.master,degree.bachelor,degree.other,degree.year,degree.area,Field Code,age,male,ethnicity.aa,ethnicity.ap,ethncity.c,ethnicity.l,ethnicity.na,ethnicity.o,F1Score (Integration),F2Score (Interaction),F3Score (Awareness),F4Score (ISE)
1,1,7,5,7,7,4,6,5,5,6,5,7,7,6,6,6,6,5,5,7,0,2,1,1,1,3,4,4,1,2,1,0,0,0,2,Agricultural and Resource Economics,Interdisciplinary,25,1,0,0,1,0,0,0,0.397,0.162,0.096,0.259
2,1,6,6,7,7,5,6,6,3,3,6,6,5,5,3,5,5,3,3,5,0,2,4,3,1,5,2,4,4,5,1,0,0,0,4,Animal Behavior,Agricultural and Environmental Sciences Graduate Programs,30,0,0,0,1,0,0,0,-0.467,-0.087,-1.014,-0.5
3,1,7,7,6,7,6,5,6,7,5,4,6,6,7,7,6,6,7,7,5,0,5,3,6,2,5,7,6,6,4,1,0,0,0,6,Anthropology,Social Science,,1,,,,,,,0.347,0.053,0.565,0.322
4,1,5,6,6,6,6,2,5,2,2,2,6,3,5,3,5,6,6,2,2,0,7,1,4,1,7,6,7,7,6,1,0,0,0,2,Applied Mathematics,Physical Science and Math,23,1,0,0,1,0,0,0,-1.106,-0.731,-1.518,-1.105
5,1,6,5,7,7,7,7,5,4,3,5,5,6,4,7,5,5,5,3,4,0,2,3,6,1,2,2,2,3,2,0,1,0,0,1,Atmospheric Science,Physical Science and Math,22,1,0,1,0,0,0,0,-0.207,-0.029,-0.747,-0.293
6,1,6,5,6,6,5,6,6,6,5,6,5,5,6,6,6,6,6,5,5,0,2,3,3,1,4,4,3,4,2,0,1,0,0,2,Avian Sciences,Biological,24,0,0,0,1,0,1,0,-0.046,0.015,0.031,-0.011
7,1,6,6,6,6,5,6,5,6,5,6,4,5,6,6,6,5,6,6,5,0,4,4,5,4,5,5,5,5,4,1,0,0,0,2,Biochemistry,Interdisciplinary,25,0,0,0,1,0,0,0,-0.099,0.009,0.056,-0.032
8,1,5,4,6,6,5,6,5,4,4,5,5,4,5,5,4,5,3,3,3,0,2,2,2,3,2,3,2,2,3,1,0,0,0,4,Biochemistry,Interdisciplinary,27,0,0,0,1,0,0,0,-0.731,-0.355,-1.06,-0.711
10,1,7,7,7,7,7,7,6,6,6,6,5,6,7,6,5,5,7,5,7,0,5,5,5,3,4,3,,5,3,1,0,0,0,4,Biomedical Systems Engineering,Interdisciplinary,31,0,0,1,0,0,0,0,0.455,0.241,0.425,0.39
11,1,6,6,6,6,6,5,5,6,5,5,5,5,6,5,6,5,5,6,5,0,4,3,4,3,4,3,3,4,3,1,0,0,0,3,Biophysics,Interdisciplinary,27,0,0,0,1,0,0,0,-0.111,-0.096,-0.041,-0.089
12,1,7,7,7,7,7,6,6,5,5,6,6,5,5,5,6,6,5,5,5,0,5,6,6,6,5,6,4,5,4,1,0,0,0,5,Biophysics,Interdisciplinary,26,1,0,0,1,0,0,0,-0.012,0.132,-0.087,0.007
13,1,5,6,6,6,6,5,6,6,6,5,5,5,5,5,6,5,5,5,5,0,2,3,4,2,2,3,3,2,2,0,1,0,0,1,Biostatistics,Interdisciplinary,23,0,0,1,0,0,0,0,-0.151,-0.121,-0.017,-0.11
14,1,6,6,7,6,5,7,6,6,5,7,6,6,6,6,7,6,6,6,6,0,5,4,3,4,4,5,3,4,4,1,0,0,0,,Biostatistics,Interdisciplinary,34,1,0,1,0,0,0,0,0.304,0.285,0.329,0.304
15,1,7,6,7,6,6,6,6,7,6,7,6,6,6,6,7,6,5,6,6,0,5,4,1,3,5,4,4,4,3,0,1,0,0,2,Biostatistics,Interdisciplinary,52,1,0,0,1,0,0,0,0.367,0.281,0.452,0.364
16,1,5,5,6,6,6,5,6,5,5,5,6,5,6,6,6,6,6,5,5,0,2,2,6,4,4,4,4,3,4,0,1,0,0,1,Biostatistics,Interdisciplinary,24,0,0,1,0,0,0,0,-0.002,-0.1,-0.058,-0.042
17,1,3,4,7,6,6,7,6,6,6,6,6,6,7,6,5,6,4,5,5,0,4,4,7,4,7,6,6,3,4,1,0,0,0,,Chemical Engineering,Engineering,25,1,0,1,0,0,0,0,0.167,0.029,0.06,0.104
18,1,7,7,7,7,6,7,6,5,7,6,7,7,6,6,7,7,7,6,6,0,7,7,5,7,7,7,7,7,7,1,0,0,0,2,Chemical Engineering,Engineering,23,0,0,0,1,0,0,0,0.556,0.375,0.611,0.52
19,1,5,6,7,6,6,7,6,5,3,6,6,6,6,6,6,6,5,5,5,0,3,2,1,1,3,3,4,3,2,1,0,0,0,5,Chemistry,Physical Science and Math,27,1,0,0,1,0,0,0,0.068,0.08,-0.248,-0.007
20,1,7,7,6,7,6,6,7,7,7,7,7,7,6,6,7,7,7,6,6,0,7,7,2,6,6,6,3,6,6,1,0,0,0,5,Chemistry,Physical Science and Math,33,0,0,0,0,1,0,0,0.611,0.365,0.86,0.606
21,1,7,7,7,7,7,7,7,7,7,7,7,7,7,7,7,7,7,7,7,0,4,4,3,3,5,5,4,4,3,1,0,0,0,6,Chemistry,Physical Science and Math,29,0,0,1,0,0,0,0,0.931,0.526,1.124,0.869
22,1,6,6,7,6,5,5,6,5,5,6,6,6,6,5,5,5,5,6,6,0,3,4,4,4,5,4,5,4,2,1,0,0,0,2,Chemistry,Physical Science and Math,24,1,0,0,1,0,0,0,0.107,-0.012,0.042,0.059
23,1,6,5,7,7,5,6,5,3,3,7,6,6,5,7,6,6,5,5,5,0,4,3,5,1,3,4,4,5,4,1,0,0,0,1,Civil Engineering,Engineering,28,0,0,0,0,0,0,1,0.005,0.131,-0.492,-0.085
24,1,6,7,7,6,6,7,7,7,6,5,6,5,6,6,7,6,7,6,5,0,4,3,4,3,5,5,3,4,4,0,1,0,0,1,Civil Engineering,Engineering,27,1,0,0,1,0,0,0,0.223,0.194,0.59,0.305
25,1,6,5,6,6,6,6,6,6,6,6,6,6,5,6,5,5,6,6,6,0,1,1,4,1,4,4,2,6,1,0,1,0,0,1,Civil Engineering,Engineering,23,0,0,0,0,1,0,0,0.241,0.035,0.345,0.212
26,1,6,7,7,7,6,7,7,7,6,6,4,6,6,6,6,6,7,6,5,0,4,4,4,4,5,5,5,5,5,0,1,0,0,1,Civil Engineering,Engineering,44,0,0,0,0,0,0,1,0.189,0.243,0.588,0.301
27,1,6,5,6,6,6,5,6,5,6,6,6,5,6,5,6,6,5,6,5,0,3,3,5,2,4,2,3,4,2,1,0,0,0,2,Civil Engineering,Engineering,27,1,0,1,0,0,0,0,-0.004,-0.019,0.09,0.016
28,1,7,6,7,7,6,7,7,6,5,6,7,6,6,6,7,6,6,6,6,0,5,5,6,4,4,6,5,6,5,1,0,0,0,1,Civil Engineering,Engineering,27,0,0,0,0,0,0,1,0.442,0.345,0.459,0.419
29,1,7,7,7,7,7,7,6,6,6,7,6,5,7,4,7,7,6,6,6,0,4,3,4,4,3,3,3,6,3,0,1,0,0,2,Community Development,Interdisciplinary,31,0,0,0,1,0,0,0,0.275,0.365,0.424,0.334
30,1,6,5,6,6,6,6,5,5,5,5,5,5,6,5,5,5,5,5,5,0,5,2,3,3,3,3,3,3,4,1,0,0,0,4,Computer Science,Engineering,31,0,0,0,0,0,0,1,-0.172,-0.13,-0.265,-0.183
31,1,6,5,6,7,5,7,5,6,5,6,5,3,5,6,6,5,2,5,5,0,1,1,4,1,2,2,4,2,2,1,0,0,0,2,Computer Science,Engineering,24,1,0,1,0,0,0,0,-0.327,0.035,-0.423,-0.255
32,1,7,5,7,7,6,7,6,5,5,7,6,6,5,7,7,7,7,7,7,0,5,5,2,2,4,2,7,7,3,1,0,0,0,4,Computer Science,Engineering,27,1,0,0,1,0,0,0,0.523,0.414,0.539,0.496
33,1,6,6,6,6,6,4,6,6,6,6,6,6,6,6,6,6,6,6,6,0,4,4,4,3,3,4,4,5,4,1,0,0,0,6,Computer Science,Engineering,29,1,0,1,0,0,0,0,0.274,0.002,0.351,0.221
34,1,7,6,6,6,6,5,5,6,3,5,5,5,6,6,6,6,6,6,5,0,7,3,6,4,6,4,5,5,5,1,0,0,0,6,Cultural Studies,Interdisciplinary,33,0,0,0,1,0,0,0,-0.071,-0.077,-0.131,-0.087
35,1,7,7,7,7,7,5,6,7,7,6,7,7,5,7,7,6,7,7,7,0,4,1,3,4,7,7,7,5,5,0,1,0,0,2,Design,Humanities,30,0,,,,,,,0.768,0.347,0.961,0.703
36,1,5,6,6,7,5,5,6,7,5,6,4,7,6,6,7,6,6,6,6,0,3,2,3,1,4,5,5,3,2,0,1,0,0,2,Dramatic Art,Humanities,100,0,1,1,0,0,0,0,0.224,0.126,0.349,0.228
37,1,7,6,7,7,5,7,6,6,3,7,5,3,5,6,7,6,7,3,3,0,7,7,7,2,4,4,4,7,7,1,0,0,0,3,Ecology,Interdisciplinary,39,0,0,0,1,0,0,0,-0.464,0.179,-0.427,-0.285
38,1,7,7,6,6,5,7,6,5,5,7,4,3,7,6,7,6,3,5,7,0,5,2,2,1,4,4,4,3,4,1,0,0,0,1,Ecology,Interdisciplinary,24,1,0,0,1,0,0,0,-0.061,0.157,-0.243,-0.048
39,1,7,6,6,7,6,5,6,7,6,6,6,7,7,6,6,6,7,6,6,0,6,6,6,4,5,5,5,7,7,1,0,0,0,1,Ecology,Interdisciplinary,23,0,0,0,1,0,0,0,0.492,0.18,0.621,0.44
40,1,7,7,7,6,6,6,6,6,6,6,6,6,4,5,6,7,6,6,6,0,1,4,5,1,4,4,4,4,2,1,0,0,0,1,Ecology,Interdisciplinary,29,1,0,0,1,0,0,0,0.17,0.139,0.34,0.203
41,1,6,6,5,7,5,5,5,6,5,4,5,4,5,5,6,5,6,5,4,0,3,2,4,1,4,3,1,3,3,1,0,0,0,1,Ecology,Interdisciplinary,28,0,0,0,1,0,0,0,-0.407,-0.195,-0.212,-0.302
42,1,6,6,6,5,7,5,7,5,6,5,6,5,4,5,6,6,6,5,7,0,4,3,4,1,5,5,5,4,4,1,0,0,0,2,Ecology,Interdisciplinary,27,0,0,0,1,0,0,0,0.115,-0.102,0.143,0.065
43,1,6,6,7,6,5,6,6,5,4,6,3,3,6,5,4,6,5,4,2,0,7,7,7,2,3,2,2,5,2,1,0,0,0,1,Ecology,Interdisciplinary,29,0,0,0,1,0,0,0,-0.838,-0.227,-0.67,-0.633
44,1,5,5,6,6,5,5,5,5,5,5,5,5,5,5,5,5,5,5,5,0,2,1,4,1,4,4,3,2,2,0,1,0,0,1,Ecology,Interdisciplinary,30,0,0,0,1,0,0,0,-0.283,-0.218,-0.324,-0.275
45,1,7,6,6,7,5,5,6,6,5,5,6,6,5,6,5,5,4,5,4,0,5,3,4,1,2,2,2,5,5,1,0,0,0,3,Ecology,Interdisciplinary,46,1,0,0,1,0,0,0,-0.111,-0.08,-0.156,-0.114
46,1,6,5,7,7,5,5,6,5,5,6,6,5,6,5,7,5,5,5,5,0,4,4,5,3,2,3,2,5,4,1,0,0,0,4,Ecology,Interdisciplinary,29,0,0,1,0,0,0,0,-0.053,0.11,-0.106,-0.023
47,1,7,5,7,6,7,7,5,5,3,7,6,2,5,6,6,7,6,5,5,0,4,4,5,2,3,4,4,3,5,1,0,0,0,4,Ecology,Interdisciplinary,29,0,0,0,1,0,0,0,-0.231,0.114,-0.348,-0.168
48,1,6,6,7,6,5,6,6,6,5,6,6,6,6,6,7,6,6,6,5,0,4,4,4,5,5,4,4,5,5,0,1,0,0,1,Ecology,Interdisciplinary,49,0,0,0,1,0,0,0,0.171,0.163,0.254,0.189
49,1,7,6,6,7,6,6,6,5,5,6,6,5,5,4,4,5,4,4,5,0,3,3,4,4,4,4,4,4,4,1,0,0,0,4,Ecology,Interdisciplinary,27,0,0,0,1,0,0,0,-0.226,-0.074,-0.393,-0.227
50,1,6,6,6,6,6,6,6,6,5,7,6,6,6,5,5,5,5,5,5,0,2,3,3,1,5,4,4,3,2,1,0,0,0,2,Ecology,Interdisciplinary,30,1,0,0,1,0,0,0,0.057,0.027,0,0.035
51,1,6,6,7,7,6,7,6,7,6,6,5,5,7,6,7,6,7,6,5,0,5,2,6,5,6,5,5,4,6,1,0,0,0,2,Ecology,Interdisciplinary,28,0,0,0,1,0,0,0,0.219,0.296,0.543,0.318
52,1,7,7,5,4,6,2,7,7,7,3,6,6,2,5,4,6,6,6,2,0,7,1,7,5,6,6,2,6,6,1,0,0,0,5,Ecology,Interdisciplinary,28,1,0,0,1,0,0,0,-0.474,-0.61,0.188,-0.345
53,1,6,6,6,6,6,6,5,5,5,6,5,4,7,5,7,6,6,6,6,0,6,5,6,6,6,4,4,,4,1,0,0,0,2,Ecology,Interdisciplinary,31,0,,,,,,,0.002,0.074,0.025,0.027
54,1,6,5,7,7,5,5,5,4,4,6,5,4,5,5,6,6,5,4,4,0,3,2,2,2,3,2,2,4,3,1,0,0,0,8,Ecology,Interdisciplinary,33,0,0,0,1,0,0,0,-0.473,-0.052,-0.647,-0.404
55,1,7,5,7,7,6,7,5,3,2,5,5,4,2,7,3,5,5,4,5,0,5,1,1,1,4,4,2,3,5,1,0,0,0,5,Ecology,Interdisciplinary,32,1,0,0,1,0,0,0,-0.452,-0.165,-0.925,-0.492
56,1,6,6,6,6,5,6,5,6,5,6,6,6,5,5,5,5,6,6,6,0,1,1,3,3,4,2,2,1,2,1,0,0,0,6,Ecology,Interdisciplinary,27,0,0,0,1,0,0,0,0.087,-0.008,0.122,0.07
57,1,6,6,6,6,6,6,6,7,7,6,5,6,7,6,7,6,7,7,6,0,6,6,6,6,6,6,6,6,6,0,1,0,0,1,Ecology,Interdisciplinary,23,0,0,0,1,0,0,0,0.411,0.201,0.799,0.45
58,1,6,7,6,7,7,5,6,7,5,4,6,6,6,5,5,6,6,5,7,0,5,5,4,1,4,3,4,5,3,1,0,0,0,5,Ecology,Interdisciplinary,27,1,0,0,1,0,0,0,0.296,-0.054,0.226,0.186
59,1,6,5,6,6,6,6,5,5,5,5,5,5,5,5,5,6,6,5,5,0,3,2,3,3,4,3,3,4,3,1,0,0,0,5,Ecology,Interdisciplinary,28,0,0,0,0,0,0,1,-0.197,-0.129,-0.203,-0.18
60,1,6,6,6,6,3,4,5,4,5,6,4,3,5,5,5,4,6,4,5,0,2,1,3,2,4,3,3,5,4,1,0,0,0,3,Ecology,Interdisciplinary,29,0,0,0,1,0,0,0,-0.625,-0.269,-0.585,-0.52
61,1,6,6,7,7,6,6,3,5,5,6,6,6,7,7,7,7,7,6,6,0,4,4,4,5,7,6,6,6,6,1,0,0,0,5,Ecology,Interdisciplinary,33,1,0,0,1,0,0,0,0.381,0.244,0.139,0.284
62,1,7,6,7,5,7,7,7,6,3,3,3,4,7,5,6,7,5,3,3,0,4,2,4,2,5,3,5,6,4,0,1,0,0,4,Ecology,Interdisciplinary,25,0,0,1,0,0,0,0,-0.557,-0.215,-0.618,-0.48
63,1,6,6,6,6,6,5,6,6,5,5,6,6,6,6,6,6,6,6,6,0,3,5,3,3,4,3,2,4,2,1,0,0,0,6,Ecology,Interdisciplinary,31,0,0,0,1,0,0,0,0.245,-0.016,0.246,0.176
64,1,7,7,7,7,5,7,7,6,7,7,6,6,6,7,7,6,6,5,5,0,6,6,6,6,3,4,3,5,6,1,0,0,0,6,Ecology,Interdisciplinary,28,1,0,0,1,0,0,0,0.337,0.381,0.494,0.386
65,1,7,6,7,7,6,6,6,5,6,6,6,6,7,5,6,7,7,7,7,0,6,6,6,4,6,6,6,6,6,1,0,0,0,1,Ecology,Interdisciplinary,25,1,0,1,1,0,0,0,0.461,0.261,0.575,0.435
67,1,6,5,7,6,6,5,5,6,5,6,6,6,6,7,6,6,5,5,6,0,6,6,4,4,4,4,4,5,6,1,0,0,0,6,Ecology,Interdisciplinary,35,0,0,0,1,0,0,0,0.268,0.063,0.019,0.152
68,1,7,5,6,6,6,5,5,5,5,7,3,3,5,5,6,6,5,3,3,0,5,4,5,2,3,3,4,5,4,1,0,0,0,1,Ecology,Interdisciplinary,23,1,0,0,1,0,0,0,-0.741,-0.13,-0.703,-0.569
69,1,5,5,5,5,5,5,5,6,5,6,5,5,5,5,5,5,6,5,5,0,3,3,3,2,3,3,3,3,4,1,0,0,0,5,Ecology,Interdisciplinary,29,0,0,0,1,0,0,0,-0.255,-0.252,-0.167,-0.231
70,1,5,6,6,7,6,7,6,5,5,4,4,5,5,4,4,5,5,4,4,0,5,5,5,2,6,6,5,6,3,1,0,0,0,1,Ecology,Interdisciplinary,26,0,0,0,1,0,0,0,-0.473,-0.212,-0.44,-0.395
71,1,6,5,7,7,5,7,6,6,5,7,6,5,7,6,6,5,7,6,5,0,4,4,5,2,3,2,1,3,4,0,1,0,0,1,Ecology,Interdisciplinary,25,0,0,0,1,0,0,0,0.192,0.275,0.356,0.254
72,1,6,6,6,5,5,5,5,5,5,3,3,3,3,4,3,3,5,3,5,0,4,4,5,3,4,4,2,3,4,1,0,0,0,2,Ecology,Interdisciplinary,31,0,0,0,1,0,0,0,-0.892,-0.597,-0.853,-0.802
73,1,5,5,6,5,5,5,6,5,6,6,5,5,6,5,5,5,5,5,5,0,4,4,3,1,3,4,3,3,3,1,0,0,0,1,Ecology,Interdisciplinary,23,0,0,0,0,1,0,0,-0.191,-0.194,-0.128,-0.176
74,1,6,6,7,7,6,7,6,6,5,7,6,5,6,7,6,6,5,6,6,0,3,1,3,1,4,3,3,3,3,1,0,0,0,1,Ecology,Interdisciplinary,33,0,0,0,1,0,0,0,0.31,0.286,0.259,0.29
75,1,6,6,7,7,7,7,6,6,7,7,6,5,7,7,7,7,7,7,7,0,3,1,1,1,3,2,2,3,3,1,0,0,0,3,Ecology,Interdisciplinary,32,0,0,0,0,1,0,0,0.648,0.439,0.853,0.641
76,1,7,7,7,7,7,7,6,6,6,6,6,6,7,7,7,7,6,6,6,0,2,2,2,2,3,3,3,4,2,1,0,0,0,6,Ecology,Interdisciplinary,,0,0,0,1,0,0,0,0.536,0.365,0.521,0.486
77,1,6,6,6,5,7,5,5,5,6,7,7,7,5,6,6,6,7,3,7,0,3,2,2,3,7,4,6,5,3,1,0,0,0,3,Economics,Social Science,28,0,0,0,1,0,0,0,0.407,0.032,-0.009,0.205
78,1,5,6,7,6,5,5,5,6,4,4,6,3,5,4,6,6,6,6,5,0,4,2,5,1,4,6,6,5,5,0,1,0,0,1,Electrical and Computer Engineering,Engineering,23,1,0,1,0,0,0,0,-0.376,-0.175,-0.174,-0.272
79,1,5,6,7,6,5,6,5,6,5,6,5,5,4,5,5,5,5,4,4,0,2,2,3,2,2,2,3,2,3,1,0,0,0,5,Electrical and Computer Engineering,Engineering,26,0,0,0,1,0,0,0,-0.39,-0.1,-0.372,-0.308
80,1,7,6,7,7,7,6,6,6,7,7,6,6,5,5,6,7,6,6,6,0,3,2,5,1,1,3,3,4,2,0,1,0,0,1,Electrical and Computer Engineering,Engineering,23,0,0,1,1,0,0,0,0.323,0.284,0.516,0.359
81,1,5,3,7,7,5,6,3,6,5,6,6,6,6,6,6,6,5,4,5,0,2,2,2,2,4,4,5,2,3,1,0,0,0,3,English,Humanities,29,0,0,0,1,0,0,0,0.015,0.077,-0.318,-0.051
82,1,7,6,7,7,7,7,6,6,5,6,6,6,6,6,6,6,6,6,6,0,1,1,1,1,1,1,1,2,1,0,1,0,0,2,English,Humanities,23,0,0,1,0,0,0,0,0.379,0.275,0.354,0.344
83,1,6,6,6,6,6,5,6,6,5,6,6,6,6,6,6,6,5,6,6,0,4,4,3,1,2,1,2,4,4,1,0,0,0,2,Food Science,Interdisciplinary,26,0,0,1,0,0,0,0,0.241,0.028,0.182,0.17
84,1,5,6,7,7,6,7,6,6,6,7,6,6,5,6,7,7,6,7,6,0,4,4,6,5,5,3,2,4,3,1,0,0,0,2,Food Science,Interdisciplinary,25,0,0,1,0,0,0,0,0.373,0.352,0.571,0.415
85,1,6,6,6,6,6,6,6,6,6,6,6,6,6,6,6,6,6,6,6,0,4,3,4,4,4,5,5,5,5,0,1,0,0,1,French,Humanities,25,0,0,0,1,0,0,0,0.306,0.1,0.383,0.27
86,1,6,6,7,7,6,6,6,6,6,6,5,6,7,6,7,6,7,6,6,0,4,4,5,3,6,6,5,4,4,1,0,0,0,1,Geography,Interdisciplinary,24,0,0,0,1,0,0,0,0.36,0.27,0.509,0.372
87,1,6,6,7,7,7,6,6,6,5,6,5,5,6,6,6,6,6,5,5,0,2,2,4,2,6,4,5,4,3,0,1,0,0,1,Geography,Interdisciplinary,32,1,0,0,1,0,0,0,0.072,0.14,0.1,0.097
88,1,6,6,6,6,4,7,6,7,6,5,7,6,6,6,5,5,6,6,6,0,7,5,5,3,4,5,5,4,5,0,1,0,0,1,Geography,Interdisciplinary,27,0,0,0,1,0,0,0,0.295,0.047,0.45,0.267
89,1,6,6,7,6,6,6,6,7,7,7,6,6,6,5,6,6,7,6,6,0,6,4,2,2,4,3,3,3,4,1,0,0,0,1,Geography,Interdisciplinary,25,0,0,0,1,0,0,0,0.347,0.223,0.667,0.392
90,1,6,7,6,5,7,6,7,5,5,5,6,6,4,6,6,7,6,5,6,0,7,6,6,5,5,4,3,5,5,0,1,0,0,1,Geography,Interdisciplinary,22,0,0,0,1,0,0,0,0.151,-0.056,0.075,0.077
91,1,7,7,7,7,5,6,7,7,7,7,5,6,4,4,6,6,6,7,7,0,7,7,7,6,6,6,6,6,7,1,0,0,0,2,Geography,Interdisciplinary,26,1,0,0,0,0,0,1,0.239,0.289,0.747,0.376
92,1,5,6,6,6,5,5,5,5,5,5,5,5,4,4,5,5,5,5,5,0,5,5,5,5,5,5,5,5,5,1,0,0,0,2,Geography,Interdisciplinary,28,0,1,0,0,0,0,0,-0.395,-0.24,-0.37,-0.347
93,1,6,6,6,6,4,6,5,6,5,6,6,5,6,6,5,6,5,5,6,0,2,1,1,2,3,4,4,2,2,1,0,0,0,4,Geology,Physical Science and Math,25,0,0,0,1,0,0,0,0.02,-0.036,-0.093,-0.022
94,1,6,5,6,5,5,6,5,5,3,5,4,5,6,5,4,5,6,5,5,0,4,1,4,1,2,3,3,1,2,1,0,0,0,4,History,Humanities,31,0,0,0,1,0,0,0,-0.352,-0.283,-0.472,-0.362
95,1,6,5,6,6,5,6,5,6,5,6,3,3,5,5,5,5,6,3,5,0,5,1,5,1,6,4,4,5,5,0,1,0,0,1,Horticulture & Agronomy,Agricultural and Environmental Sciences Graduate Programs,23,0,0,0,1,0,0,0,-0.562,-0.161,-0.489,-0.437
96,1,7,7,7,7,7,7,6,6,6,7,7,7,6,6,7,7,5,6,6,0,2,2,2,3,5,5,6,7,1,1,0,0,0,1,Horticulture & Agronomy,Agricultural and Environmental Sciences Graduate Programs,27,1,0,0,1,0,0,0,0.569,0.416,0.472,0.503
97,1,6,7,6,6,6,6,6,6,6,6,7,6,6,7,6,6,6,6,6,0,2,1,4,6,4,3,3,4,3,1,0,0,0,2,Horticulture & Agronomy,Agricultural and Environmental Sciences Graduate Programs,24,0,0,1,0,0,0,0,0.439,0.125,0.437,0.355
98,1,6,7,6,5,5,6,6,5,4,6,5,4,5,5,6,5,6,5,6,0,5,5,5,4,5,6,5,7,5,1,0,0,0,6,Human Development,Social Science,28,0,0,0,1,0,0,0,-0.212,-0.088,-0.224,-0.182
99,1,6,6,6,6,6,6,6,6,6,6,6,6,7,6,7,7,7,6,6,0,5,4,6,4,5,5,4,5,4,1,0,0,0,2,Hydrology,Interdisciplinary,27,1,0,0,0,1,0,0,0.392,0.174,0.501,0.361
100,1,5,4,7,7,6,7,5,5,5,5,5,5,4,6,6,6,5,5,5,0,1,2,4,3,4,2,2,2,1,0,1,0,0,,Hydrology,Interdisciplinary,25,0,0,1,0,0,0,0,-0.137,0.056,-0.215,-0.105
101,1,5,6,7,6,6,6,5,5,5,5,6,6,6,6,6,6,6,6,5,0,4,2,4,2,1,1,2,3,3,1,0,0,0,1,Hydrology,Interdisciplinary,22,1,0,1,0,0,0,0,0.125,0.019,0.06,0.081
102,1,7,6,6,5,7,6,7,6,7,6,7,7,6,7,7,7,6,5,6,0,4,6,4,5,5,5,6,6,7,1,0,0,0,4,Hydrology,Interdisciplinary,43,1,0,1,0,0,0,0,0.581,0.172,0.543,0.462
103,1,7,6,6,6,6,7,5,5,5,6,5,5,7,6,6,6,5,6,5,0,4,3,4,4,3,4,3,5,5,1,0,0,0,3,Hydrology,Interdisciplinary,30,1,0,0,1,0,0,0,0.033,0.088,-0.032,0.031
104,1,5,5,7,5,3,6,5,5,7,7,5,4,5,6,5,5,3,4,4,0,5,2,5,1,2,3,2,3,2,1,0,0,0,3,Genetics and Genomics,Biological,25,0,0,0,1,0,0,0,-0.459,-0.123,-0.446,-0.366
105,1,7,7,7,7,7,7,7,6,7,6,7,7,4,6,7,7,6,6,6,0,5,5,2,3,3,3,2,5,4,1,0,0,0,3,Genetics and Genomics,Biological,28,1,0,0,1,0,0,0,0.527,0.376,0.677,0.523
106,1,6,7,7,7,6,7,7,7,7,7,7,7,4,6,7,6,7,7,7,0,5,5,5,5,7,7,7,7,5,1,0,0,0,2,Genetics and Genomics,Biological,29,1,0,0,1,0,0,0,0.676,0.457,1.016,0.7
107,1,6,5,7,7,6,4,4,5,7,6,5,7,6,6,7,7,7,7,6,0,2,2,4,1,3,3,3,7,4,1,0,0,0,2,Integrative Pathology,Interdisciplinary,30,1,0,0,1,0,0,0,0.36,0.178,0.479,0.34
108,1,6,6,4,6,6,4,6,6,4,6,4,5,5,6,5,3,5,4,4,0,3,3,4,3,3,3,3,3,3,0,1,0,0,1,International Development,Agricultural and Environmental Sciences Graduate Programs,21,0,0,0,1,0,0,0,-0.382,-0.306,-0.434,-0.374
109,1,7,7,6,5,6,7,7,7,7,7,7,6,7,6,7,6,7,7,7,0,6,6,6,6,7,7,7,7,7,1,0,0,0,6,Linguistics,Social Science,27,0,0,0,1,0,0,0,0.686,0.32,0.992,0.663
110,1,6,6,7,6,5,7,6,5,4,7,5,3,6,6,7,5,5,5,4,0,2,4,2,5,6,4,6,7,3,0,1,0,0,2,Business,Social Science,29,0,0,0,1,0,0,0,-0.316,0.137,-0.29,-0.19
111,1,6,6,7,7,7,6,6,5,5,7,5,5,5,6,6,6,5,4,4,0,2,1,2,1,2,2,2,6,1,0,1,0,0,1,Business,Social Science,30,1,0,0,1,0,0,0,-0.137,0.129,-0.247,-0.094
112,1,6,6,6,5,3,6,6,5,4,7,6,4,5,6,7,4,5,3,6,0,6,1,1,3,4,3,4,7,2,0,1,0,0,1,Business,Social Science,32,1,0,0,1,0,0,0,-0.216,-0.011,-0.508,-0.233
113,1,7,7,7,7,6,6,6,6,7,7,6,6,7,7,7,6,6,6,6,0,2,2,7,4,7,7,7,5,3,0,1,0,0,1,Public Health,Interdisciplinary,26,0,0,1,0,0,0,1,0.524,0.375,0.609,0.504
114,1,6,5,6,6,6,4,6,5,4,4,6,5,6,6,6,6,5,4,4,0,5,2,4,2,4,5,4,5,4,1,0,0,0,2,Materials Science and Engineering,Engineering,25,0,0,1,0,0,0,0,-0.212,-0.239,-0.439,-0.274
115,1,6,5,6,6,5,4,6,5,4,6,4,5,4,5,6,5,5,5,4,0,3,2,3,4,3,2,4,4,3,1,0,0,0,2,Mathematics,Physical Science and Math,24,1,0,0,1,0,0,0,-0.478,-0.18,-0.413,-0.382
116,1,7,7,5,7,7,6,6,7,7,6,6,7,5,6,7,6,5,6,6,0,3,2,2,1,3,2,2,3,1,0,1,0,0,1,Mechanical and Aerospace Engineering,Engineering,23,1,0,0,1,0,0,0,0.443,0.219,0.558,0.411
117,1,7,5,5,6,4,4,5,6,3,6,5,5,3,6,5,6,7,6,4,0,2,1,1,1,3,4,2,4,2,0,1,0,0,1,Mechanical and Aerospace Engineering,Engineering,26,1,0,0,1,0,0,0,-0.404,-0.228,-0.214,-0.31
118,1,7,7,7,7,7,7,6,6,5,5,4,5,4,5,6,6,5,5,6,0,5,6,7,2,2,2,4,5,5,1,0,0,0,2,Mechanical and Aerospace Engineering,Engineering,25,0,0,0,0,1,0,0,-0.07,0.123,-0.028,-0.009
119,1,6,7,7,6,7,7,5,4,7,7,6,7,7,7,7,6,7,7,7,0,7,4,7,5,5,7,5,7,7,0,1,0,0,1,Mechanical and Aerospace Engineering,Engineering,,1,0,0,0,0,0,1,0.722,0.377,0.638,0.608
120,1,6,6,7,7,5,6,6,5,5,5,5,5,6,5,6,6,5,5,5,0,4,2,4,4,4,2,3,4,4,1,0,0,0,2,Mechanical and Aerospace Engineering,Engineering,23,0,0,0,1,0,0,0,-0.14,0.036,-0.154,-0.097
122,1,7,7,7,6,6,6,6,5,6,7,6,6,5,5,7,6,6,7,6,0,6,5,4,4,5,5,4,7,6,1,0,0,0,4,Microbiology,Biological,34,0,0,0,1,0,0,0,0.261,0.262,0.429,0.302
123,1,6,5,7,6,6,5,5,5,5,6,5,5,5,6,5,6,6,5,5,0,3,5,1,3,2,3,1,2,4,1,0,0,0,2,Microbiology,Biological,29,0,0,0,1,0,0,0,-0.114,-0.064,-0.159,-0.111
124,1,5,6,7,7,6,6,6,6,6,6,6,6,6,6,6,6,5,6,6,0,4,4,6,1,3,4,4,4,2,0,1,0,0,1,"Mollecular, Cellular and Integrative Physiology",Biological,22,0,0,1,0,0,0,0,0.313,0.177,0.329,0.28
125,1,6,5,6,6,5,4,5,5,4,6,5,4,4,4,4,4,5,4,4,0,1,1,5,1,3,2,3,4,4,1,0,0,0,2,"Mollecular, Cellular and Integrative Physiology",Biological,28,0,0,0,1,0,0,0,-0.648,-0.332,-0.687,-0.572
126,1,7,7,7,7,7,7,7,7,7,7,7,7,7,7,7,7,7,7,7,0,5,3,2,1,2,3,4,5,5,1,0,0,0,3,"Mollecular, Cellular and Integrative Physiology",Biological,29,0,0,0,1,0,0,0,0.931,0.526,1.124,0.869
127,1,7,7,7,7,7,7,7,5,4,7,7,7,7,7,5,7,7,4,7,0,3,4,6,5,7,5,7,2,3,1,0,0,0,1,Music,Humanities,25,0,0,0,1,0,0,0,0.661,0.306,0.206,0.453
128,1,6,6,6,6,5,4,7,6,6,6,5,5,7,7,6,6,6,5,4,0,4,2,3,4,5,5,5,2,4,1,0,0,0,2,Native American Studies,Humanities,27,0,0,0,0,0,1,0,-0.018,-0.059,0.184,0.021
129,1,6,7,6,7,3,6,7,7,3,6,6,6,7,6,2,3,7,6,6,0,5,5,5,6,6,7,7,2,5,1,0,0,0,2,Native American Studies,Humanities,24,1,0,0,1,0,0,0,0.16,-0.084,0.24,0.115
130,1,6,5,6,6,6,6,5,6,4,6,6,6,6,6,6,6,6,5,6,0,4,4,3,2,4,2,3,4,4,1,0,0,0,4,Neuroscience,Biological,27,0,0,0,1,0,0,0,0.197,0.049,-0.029,0.102
131,1,6,6,7,6,6,7,6,5,5,4,5,5,4,5,5,6,5,5,6,0,4,1,4,3,3,2,2,5,4,1,0,0,0,2,Neuroscience,Biological,,0,0,0,1,0,0,0,-0.131,-0.077,-0.173,-0.127
132,1,6,6,6,6,5,6,6,5,5,6,5,5,6,5,6,6,6,6,6,0,4,2,3,3,4,4,3,3,3,1,0,0,0,4,Neuroscience,Biological,26,0,0,0,1,0,0,0,-0.002,0.026,0.081,0.026
133,1,7,7,6,6,6,6,6,6,5,5,5,6,6,6,6,6,5,5,5,0,3,2,5,4,3,4,4,3,5,1,0,0,0,3,Nutritional Biology,Biological,27,0,0,0,1,0,0,0,0.045,-0.003,-0.011,0.019
134,1,5,7,7,7,4,6,7,7,7,7,6,5,6,6,7,5,6,6,6,0,6,6,6,4,4,4,5,6,5,1,0,0,0,1,Nutritional Biology,Biological,23,0,0,0,1,0,0,0,0.277,0.298,0.65,0.374
135,1,6,6,6,6,6,6,6,6,6,6,6,6,6,6,6,6,6,6,6,0,5,6,6,4,5,5,6,6,6,1,0,0,0,3,Nutritional Biology,Biological,25,0,0,0,1,0,0,0,0.306,0.1,0.383,0.27
136,1,6,6,7,7,7,6,6,5,6,5,6,6,7,6,6,6,6,6,6,0,5,5,6,7,4,7,4,4,5,1,0,0,0,1,Pharmeceutical Chemistry,Interdisciplinary,18,1,0,1,0,0,0,0,0.387,0.16,0.343,0.315
137,1,7,7,7,6,6,6,6,6,6,6,6,6,7,7,7,7,7,7,7,0,7,7,7,7,7,7,7,7,7,1,0,0,0,2,Plant Pathology,Interdisciplinary,24,0,0,0,1,0,0,0,0.615,0.292,0.721,0.554
138,1,7,5,7,7,6,3,7,7,5,4,7,6,3,6,6,4,5,6,7,0,3,3,5,2,6,4,6,3,4,1,0,0,0,5,Political Science,Social Science,27,1,0,0,0,1,0,0,0.289,-0.021,0.338,0.219
139,1,7,7,6,6,7,7,7,6,6,6,7,5,7,6,6,7,7,6,6,0,1,1,1,1,5,5,5,1,1,1,0,0,0,4,Political Science,Social Science,27,1,0,0,1,0,0,0,0.444,0.204,0.593,0.416
140,1,7,7,5,6,6,5,7,6,4,4,5,5,7,6,6,6,7,3,5,0,7,4,5,6,7,4,7,4,5,1,0,0,0,8,Population Biology,Interdisciplinary,47,1,1,0,0,0,0,0,-0.071,-0.176,-0.195,-0.129
141,1,5,4,6,6,5,6,5,3,3,4,5,4,4,5,4,4,3,5,5,0,1,1,2,2,3,2,2,2,1,1,0,0,0,3,Psychology,Social Science,32,1,0,0,1,0,0,0,-0.578,-0.372,-0.953,-0.615
142,1,6,7,6,5,7,7,6,7,6,6,5,6,7,6,7,7,7,5,6,0,6,6,6,6,6,7,7,6,6,1,0,0,0,4,Sociology,Social Science,26,0,0,0,1,0,0,0,0.353,0.153,0.451,0.324
143,1,6,6,7,7,6,6,7,7,7,5,7,7,7,6,6,6,7,7,7,0,7,1,7,4,7,7,7,7,7,0,1,0,0,2,Soil and Biogeochemistry,Interdisciplinary,23,1,0,0,1,0,0,0,0.747,0.271,1.005,0.683
144,1,7,5,7,5,7,7,7,5,5,7,5,4,6,6,6,7,6,5,4,0,3,3,3,1,3,3,3,2,2,1,0,0,0,2,Soil and Biogeochemistry,Interdisciplinary,31,0,0,0,1,0,0,0,-0.113,0.105,0.009,-0.026
145,1,6,5,5,6,4,5,5,5,3,4,3,5,4,5,5,6,4,5,4,0,2,2,4,1,6,4,5,1,1,1,0,0,0,4,Statistics,Physical Science and Math,25,1,0,1,0,0,0,0,-0.708,-0.396,-0.771,-0.639
146,1,6,5,7,6,6,6,6,6,5,7,6,6,6,6,6,6,6,6,5,0,5,1,3,1,3,2,3,5,1,0,1,0,0,2,Statistics,Physical Science and Math,23,0,0,0,1,0,0,0,0.212,0.17,0.271,0.214
147,1,6,6,5,7,7,5,4,5,3,5,6,6,5,5,3,6,3,3,4,0,2,2,3,3,2,2,2,2,2,0,1,0,0,1,Statistics,Physical Science and Math,26,1,0,1,0,0,0,0,-0.362,-0.355,-0.998,-0.516
148,1,7,6,7,7,6,6,6,6,6,6,7,7,4,6,7,6,7,6,6,0,6,6,2,2,5,4,5,7,2,1,0,0,0,7,Statistics,Physical Science and Math,29,1,0,0,1,0,0,0,0.444,0.307,0.547,0.432
149,1,3,4,6,4,4,2,5,5,4,5,5,5,4,2,5,4,6,4,3,0,1,1,4,2,2,2,1,1,2,1,0,0,0,3,Statistics,Physical Science and Math,30,0,0,1,0,0,0,0,-0.91,-0.643,-0.775,-0.803
150,1,5,5,7,6,5,6,4,6,6,7,6,5,5,6,6,5,5,6,6,0,4,4,5,4,4,4,4,4,4,1,0,0,0,1,Statistics,Physical Science and Math,22,0,0,1,0,0,0,0,0.1,0.118,0.105,0.106
151,1,3,7,6,6,5,6,6,7,7,7,7,7,7,7,7,6,7,7,7,0,3,4,4,4,5,4,5,5,6,0,1,0,0,2,Statistics,Physical Science and Math,26,0,0,1,0,0,0,0,0.748,0.255,0.935,0.662
152,1,6,5,6,7,6,6,6,6,6,6,6,6,6,6,6,6,6,6,6,0,4,4,4,3,4,3,3,3,3,0,1,0,0,1,Statistics,Physical Science and Math,23,0,0,1,0,0,0,0,0.326,0.161,0.402,0.3
153,1,6,5,6,5,5,4,5,6,5,5,5,6,4,5,5,5,5,5,6,0,1,2,5,2,4,5,4,3,1,0,1,0,0,2,Statistics,Physical Science and Math,23,1,0,0,1,0,0,0,-0.152,-0.269,-0.204,-0.195
154,1,2,2,6,5,5,4,4,4,3,5,5,5,4,6,5,6,3,5,4,0,2,2,1,1,2,2,2,2,2,1,0,0,0,3,Statistics,Physical Science and Math,26,1,0,1,0,0,0,0,-0.564,-0.476,-0.953,-0.635
155,1,7,5,6,6,5,4,5,6,4,5,6,6,4,5,5,5,6,4,5,0,4,2,2,1,5,4,5,2,3,1,0,0,0,1,Statistics,Physical Science and Math,36,0,0,0,1,0,0,0,-0.197,-0.21,-0.341,-0.235
156,1,6,6,7,5,6,5,5,5,5,6,4,5,5,4,5,5,5,5,5,0,4,4,5,2,3,5,4,4,3,0,1,0,0,1,Statistics,Physical Science and Math,24,0,0,1,0,0,0,0,-0.354,-0.173,-0.342,-0.302
157,1,7,6,7,6,6,5,5,6,6,5,6,6,6,7,6,6,7,6,6,0,5,5,2,1,6,6,6,5,4,1,0,0,0,3,Statistics,Physical Science and Math,24,1,,,,,,,0.363,0.08,0.405,0.298
158,1,6,6,7,6,6,6,6,6,6,6,6,6,6,6,6,6,6,6,6,0,4,3,5,2,3,3,3,4,5,1,0,0,0,1,Statistics,Physical Science and Math,23,0,0,1,0,0,0,0,0.322,0.147,0.398,0.294
159,1,5,7,7,7,7,5,7,7,7,5,7,7,7,5,7,7,7,7,5,0,4,2,5,2,5,5,2,7,2,1,0,0,0,3,Statistics,Physical Science and Math,25,1,0,1,0,0,0,0,0.518,0.213,0.908,0.532
160,1,5,5,3,5,5,5,6,6,6,6,6,6,6,6,6,6,6,6,6,0,6,6,6,6,6,6,6,6,6,0,1,0,0,2,Statistics,Physical Science and Math,24,0,0,1,0,0,0,0,0.175,-0.184,0.277,0.105
161,1,6,6,7,7,7,7,6,6,5,7,7,6,6,6,7,6,6,6,6,0,4,4,3,2,4,4,3,6,4,0,1,0,0,3,Statistics,Physical Science and Math,26,0,0,1,0,0,0,0,0.474,0.376,0.41,0.431
162,1,6,7,6,6,5,5,5,6,3,6,4,5,5,6,5,5,4,5,5,0,3,1,5,2,3,3,3,3,4,1,0,0,0,2,Statistics,Physical Science and Math,29,1,0,0,1,0,0,0,-0.312,-0.166,-0.495,-0.318
163,1,7,7,7,7,7,7,7,7,7,5,7,7,7,7,7,7,7,7,7,0,7,7,7,2,7,5,7,5,7,1,0,0,0,3,Religion,Humanities,46,0,0,0,1,0,0,0,0.896,0.418,1.09,0.815
164,1,7,7,7,7,7,6,6,6,6,4,5,4,6,6,4,5,6,6,5,0,4,5,5,5,7,7,7,6,4,1,0,0,0,2,Transportation,Interdisciplinary,34,1,0,0,0,0,0,1,-0.012,-0.045,0.235,0.04
165,1,5,4,7,7,6,6,5,6,5,6,6,7,5,6,5,6,5,7,7,0,4,4,7,4,5,4,4,5,5,1,0,0,0,,Transportation,Interdisciplinary,28,1,0,1,0,0,0,0,0.417,0.141,0.316,0.318
166,1,7,6,7,7,6,6,6,5,6,6,6,6,6,6,6,5,6,6,5,0,4,3,4,3,3,4,4,3,3,0,1,0,0,,Transportation,Interdisciplinary,28,0,0,1,0,0,0,0,0.224,0.2,0.29,0.233
167,1,7,6,7,7,5,6,6,6,5,6,5,5,5,6,5,7,6,5,5,0,4,3,4,2,4,4,4,4,4,1,0,0,0,3,Transportation,Interdisciplinary,25,1,0,1,0,0,0,0,-0.068,0.081,0.036,-0.003
168,1,6,6,6,6,6,6,6,6,5,6,5,5,5,6,6,6,5,5,5,0,4,5,5,1,3,5,5,5,5,0,1,0,0,1,Transportation,Interdisciplinary,23,1,0,0,1,0,0,0,-0.073,0.004,-0.053,-0.047
169,1,5,5,5,5,5,5,5,5,6,6,5,4,6,6,6,6,6,6,4,0,4,2,4,2,3,5,4,3,4,0,1,0,0,1,Transportation,Interdisciplinary,27,0,0,0,1,0,0,0,-0.269,-0.192,-0.039,-0.191
170,1,7,6,7,6,7,7,5,4,3,7,4,6,6,7,6,7,5,2,6,0,3,2,5,1,7,5,6,2,1,0,1,0,0,2,Viticulture and Enology,Agricultural and Environmental Sciences Graduate Programs,31,1,0,0,1,0,0,0,0.025,0.123,-0.743,-0.138
171,1,7,7,7,7,7,6,6,6,4,6,6,5,7,6,4,7,5,4,6,0,1,1,2,1,2,2,3,6,1,0,1,0,0,1,,,49,0,0,0,0,0,0,1,0.174,0.053,-0.155,0.061
190,0,7,7,7,7,7,7,7,7,7,7,7,7,7,7,7,7,6,6,7,0,1,1,4,1,4,4,4,,3,0,1,0,0,2,mechanical engineering,Engineering,28,1,0,0,1,0,0,0,0.875,0.5,0.914,0.783
192,0,6,7,5,6,5,6,6,6,6,5,7,6,7,6,5,6,5,6,6,0,3,3,4,1,5,3,3,2,3,0,1,0,0,1,engineering,Engineering,31,1,0,0,1,0,0,0,0.306,-0.054,0.28,0.204
193,0,6,5,4,6,6,5,6,6,6,6,6,6,4,6,4,6,6,6,5,0,2,2,2,2,4,3,4,3,2,0,1,0,0,1,mechanical engineering,Engineering,23,0,0,1,1,0,0,0,0.03,-0.194,0.221,0.018
194,0,6,6,6,7,6,6,6,7,6,6,7,6,5,6,6,6,5,6,6,0,2,1,2,3,2,,3,3,2,0,1,0,0,1,mechanical engineering,Engineering,24,1,0,0,1,0,0,0,0.35,0.166,0.422,0.318
195,0,4,6,6,6,6,6,6,6,6,7,6,7,7,7,7,7,7,6,6,0,2,2,2,2,2,3,2,2,2,0,1,0,0,1,mechanical engineering,Engineering,22,1,0,0,0,1,0,0,0.543,0.213,0.565,0.46
197,0,7,6,7,7,5,7,6,7,5,7,5,5,5,5,5,5,7,5,5,0,5,1,1,1,3,5,5,3,6,1,0,0,0,1,mechanical engineering,Engineering,58,1,0,0,1,0,0,0,-0.054,0.193,0.217,0.078
198,0,5,5,6,6,5,4,5,4,4,5,5,4,4,5,5,6,5,4,4,0,2,2,2,2,4,4,4,2,2,1,0,0,0,1,mechanical engineering,Engineering,26,1,0,0,1,0,0,0,-0.613,-0.351,-0.759,-0.578
199,0,5,5,6,6,5,5,5,5,5,6,4,5,5,6,6,5,6,5,5,0,3,5,4,2,3,4,4,4,5,1,0,0,0,2,mechanical engineering,Engineering,25,1,0,0,1,0,0,0,-0.228,-0.099,-0.208,-0.188
200,0,5,4,6,4,6,3,4,6,4,5,3,6,5,5,3,4,2,2,2,0,4,2,3,2,5,4,5,4,2,0,1,0,0,2,mechanical and aerospace engineering,Engineering,35,1,0,0,1,0,0,0,-0.892,-0.698,-1.277,-0.933
201,0,6,6,7,7,6,6,6,6,7,7,7,5,7,7,6,6,7,7,6,0,5,4,5,2,5,4,4,5,6,1,0,0,0,1,mechanical and aerospace engineering,Engineering,24,1,0,0,1,0,0,0,0.54,0.32,0.789,0.542
202,0,6,5,6,7,5,6,5,5,5,5,5,4,5,5,6,5,5,5,5,0,2,1,3,3,4,4,4,3,4,0,1,0,0,1,mechanical and aerospace engineering,Engineering,26,1,0,0,1,0,0,0,-0.304,-0.046,-0.298,-0.234
203,0,5,5,6,7,6,6,5,7,6,6,6,5,6,6,4,6,5,4,5,0,2,2,5,3,7,4,6,3,2,0,1,0,0,1,accounting,Social Science,36,0,0,0,1,0,0,0,0.016,-0.047,-0.038,-0.014
204,0,6,6,7,6,7,4,7,7,7,6,5,7,5,7,7,7,5,5,5,0,5,4,7,4,4,2,3,5,3,0,1,0,0,1,air pollution,Agricultural and Environmental Sciences Graduate Programs,24,1,0,1,0,0,0,0,0.299,0.108,0.436,0.282
205,0,6,6,7,6,7,6,7,5,5,6,4,5,6,5,7,7,7,5,5,0,2,2,4,4,4,4,4,4,1,0,1,0,0,1,accounting,Social Science,24,0,0,1,0,0,0,0,-0.045,0.117,0.108,0.035
209,0,6,5,4,5,6,6,6,5,6,6,5,6,6,7,7,6,5,5,6,0,6,4,7,6,6,5,5,5,6,0,1,0,0,1,accounting,Social Science,25,0,0,1,0,0,0,0,0.191,-0.039,0.045,0.094
210,0,5,5,6,6,,6,6,6,6,6,6,6,6,5,5,5,5,5,6,0,4,4,4,3,3,3,4,4,4,0,1,0,0,1,accounting,Social Science,23,0,0,1,0,0,0,0,0.153,-0.018,0.117,0.099
211,0,6,5,6,7,5,6,6,7,6,5,6,6,5,6,5,6,5,5,6,0,2,3,4,6,5,6,3,3,6,0,1,0,0,1,accounting,Social Science,23,0,0,1,0,0,0,0,0.171,0.02,0.213,0.141
212,0,5,6,7,4,4,5,5,6,7,5,5,5,5,6,5,6,5,5,5,0,3,3,4,4,4,3,3,3,3,0,1,0,0,1,accounting,Social Science,22,0,0,1,0,0,0,0,-0.204,-0.251,-0.039,-0.175
213,0,6,5,6,5,5,6,5,5,5,6,4,4,4,5,6,5,5,4,4,0,2,2,4,2,2,2,3,3,2,0,1,0,0,1,accounting,Social Science,24,0,0,1,0,0,0,0,-0.574,-0.171,-0.537,-0.457
214,0,6,6,7,7,6,5,6,5,5,6,6,5,6,5,6,6,6,5,6,0,4,3,4,4,.,5,4,5,6,0,1,0,0,1,accounting,Social Science,22,0,0,1,0,0,0,0,0.092,0.091,0.016,0.073
232,0,3,5,6,6,6,5,5,7,6,6,5,5,6,5,5,5,5,5,5,0,4,4,4,4,4,4,4,4,4,1,0,0,0,1,economics,Social Science,24,0,0,1,0,0,0,0,-0.115,-0.155,0.005,-0.096
234,0,7,.,5,6,6,4,4,4,5,6,5,3,6,3,3,3,3,5,5,0,7,1,7,2,5,1,1,7,7,1,0,0,0,1,electrical engineering,Engineering,29,0,0,1,0,0,0,0,-0.614,-0.409,-0.778,-0.598
235,0,5,5,7,7,7,7,5,4,4,4,7,4,5,6,7,7,4,5,6,0,4,1,4,1,2,2,4,1,2,1,0,0,0,1,computer science,Engineering,23,1,0,1,0,0,0,0,0.031,0.07,-0.394,-0.064
236,0,5,4,6,6,5,6,3,6,6,5,2,5,5,6,2,5,6,4,6,0,2,2,1,1,2,3,3,1,1,0,1,0,0,1,computer science,Engineering,26,0,0,1,0,0,0,0,-0.358,-0.344,-0.379,-0.358
237,0,6,6,6,6,6,6,6,6,4,7,4,4,5,4,5,5,4,5,4,0,2,1,4,2,2,3,3,3,3,0,1,0,0,1,water resources engineering,Interdisciplinary,30,1,0,1,0,0,0,0,-0.503,-0.094,-0.395,-0.367
238,0,7,6,7,7,7,7,6,5,6,6,7,7,7,7,7,7,6,6,7,0,5,1,7,2,6,7,6,6,6,0,1,0,0,1,water resources engineering,Interdisciplinary,22,0,0,1,0,0,0,0,0.761,0.401,0.531,0.607
239,0,6,6,7,7,6,6,6,6,6,6,5,6,6,5,6,6,6,6,5,0,5,4,3,5,5,4,4,3,5,0,1,0,0,1,environmental engineering,Interdisciplinary,23,0,0,1,0,0,0,0,0.108,0.164,0.322,0.175
240,0,3,6,6,6,6,5,5,5,5,5,5,5,6,5,4,4,4,5,4,0,1,1,1,1,2,1,1,1,1,0,1,0,0,1,environmental engineering,Interdisciplinary,23,0,0,1,0,0,0,0,-0.349,-0.33,-0.443,-0.366
241,0,5,6,7,7,6,6,4,6,3,3,5,3,5,4,6,6,3,6,4,0,3,5,6,4,2,2,2,7,1,1,0,0,0,1,civil engineering,Engineering,27,1,0,0,1,0,0,0,-0.596,-0.195,-0.632,-0.498
242,0,6,5,6,6,4,5,5,6,5,5,6,6,4,5,6,5,5,4,4,0,2,1,2,1,4,4,2,2,3,0,1,0,0,1,environmental engineering,Interdisciplinary,23,1,0,1,0,0,0,0,-0.307,-0.152,-0.351,-0.276
243,0,7,6,7,6,6,6,6,6,6,6,5,6,5,6,7,7,6,6,6,0,3,1,4,1,3,4,2,2,4,1,0,0,0,2,water resource engineering,Interdisciplinary,26,0,0,0,1,0,0,0,0.233,0.203,0.376,0.259
244,0,5,6,7,7,5,6,4,5,4,5,6,5,6,6,6,6,7,4,5,0,4,3,2,2,5,2,3,6,6,0,1,0,0,1,environmental engineering,Interdisciplinary,27,0,0,0,1,0,0,0,-0.072,0.013,-0.326,-0.112
245,0,5,6,7,4,6,5,6,6,6,6,6,5,2,4,5,6,5,3,4,0,4,2,3,3,6,5,4,3,6,0,1,0,0,1,environmental engineering,Interdisciplinary,23,1,0,0,1,0,0,0,-0.483,-0.275,-0.397,-0.405
246,0,7,6,4,6,5,7,7,5,6,3,7,7,7,7,7,5,7,7,6,0,5,2,1,1,7,5,7,3,7,0,1,0,0,1,water resource engineering,Interdisciplinary,24,1,0,0,1,0,0,0,0.534,0.034,0.624,0.424
247,0,6,6,6,6,6,6,6,6,6,6,6,5,6,6,6,6,5,6,6,0,4,4,5,3,3,3,4,5,4,1,0,0,0,2,water resource engineering,Interdisciplinary,28,1,0,0,1,0,0,0,0.203,0.074,0.267,0.184
248,0,6,5,7,7,4,7,4,6,4,4,3,5,5,6,7,6,6,3,5,0,3,2,7,6,6,6,5,3,6,1,0,0,0,2,civil engineering/water resources,Engineering,26,1,0,0,0,1,0,0,-0.37,0.015,-0.54,-0.31
249,0,7,6,7,6,6,5,5,6,5,6,5,5,5,6,6,5,6,5,5,0,3,2,4,1,3,2,6,3,6,0,1,0,0,1,mechanical and aerospace engineering,Engineering,23,1,0,1,0,0,0,0,-0.064,0.026,-0.04,-0.035
250,0,6,6,7,7,6,6,6,6,6,6,6,5,7,6,6,6,5,6,6,0,1,1,7,4,5,5,5,6,6,0,1,0,0,1,civil / environmental engineering,Engineering,20,1,0,1,0,0,0,0,0.285,0.192,0.321,0.268
251,0,6,6,7,7,6,6,6,6,6,6,6,6,5,7,6,6,6,6,6,0,4,5,5,5,4,4,5,3,4,1,0,0,0,1,merials science,Engineering,24,0,0,1,0,0,0,0,0.36,0.212,0.425,0.336
252,0,6,6,5,6,6,5,6,6,6,6,7,6,6,6,6,6,6,6,6,0,2,2,6,1,2,2,3,2,2,1,0,0,0,2,thermal fluids science,Physical Science and Math,36,1,0,1,0,0,0,0,0.342,0.016,0.379,0.264
253,0,5,6,7,6,6,6,5,5,5,5,4,5,5,6,7,6,5,5,3,0,4,3,6,4,6,4,5,4,4,0,1,0,0,1,mechanical engineering,Engineering,25,1,0,1,0,0,0,0,-0.376,-0.041,-0.323,-0.274
254,0,6,6,6,7,6,5,6,5,5,6,5,6,5,6,6,6,6,6,6,0,3,2,3,1,2,2,5,3,3,1,0,0,0,4,mechanical engineering,Engineering,27,1,0,0,1,0,0,0,0.144,0.066,0.143,0.123
255,0,6,5,7,6,5,5,6,6,5,6,5,5,5,4,6,5,7,5,6,0,3,2,5,1,7,4,5,2,3,0,1,0,0,1,mechanical and aerospace engineering,Engineering,22,1,0,1,0,0,0,0,-0.102,0.009,0.08,-0.028
256,0,6,6,6,6,6,4,5,5,2,6,4,4,3,3,5,5,4,3,4,0,1,2,2,1,3,3,2,2,3,0,1,0,0,1,civil engineering,Engineering,24,1,0,1,1,0,0,0,-0.878,-0.354,-1.143,-0.803
257,0,5,6,6,6,5,5,5,6,5,5,5,5,6,6,6,6,7,5,5,0,2,1,1,1,5,5,2,1,1,0,1,0,0,1,mechanical engineering,Engineering,22,0,0,0,1,0,0,0,-0.085,-0.109,-0.003,-0.071
258,0,7,6,6,6,7,5,7,7,4,5,4,4,5,4,5,6,5,4,5,0,6,6,6,4,6,6,6,6,6,1,0,0,0,2,BAE,Interdisciplinary,29,1,0,0,1,0,0,0,-0.372,-0.187,-0.258,-0.294
259,0,6,5,6,6,6,7,5,4,4,6,4,5,5,5,4,6,2,4,4,0,1,1,3,1,1,2,1,2,1,0,1,0,0,1,mechanical engineering,Engineering,23,1,0,0,1,0,0,0,-0.522,-0.194,-0.909,-0.529
261,0,5,5,6,6,6,7,5,6,5,6,6,6,6,6,6,6,5,6,6,0,1,1,5,1,1,2,2,4,6,0,1,0,0,2,electrical engineering,Engineering,26,0,0,1,0,0,0,0,0.246,0.095,0.13,0.177
262,0,6,5,6,6,5,4,4,5,5,4,5,6,6,5,6,5,4,4,5,0,2,2,2,2,4,3,4,2,2,0,1,0,0,1,computer science,Engineering,24,1,0,1,0,0,0,0,-0.239,-0.254,-0.566,-0.323
263,0,7,7,6,6,5,5,6,5,4,4,6,5,5,6,4,5,5,5,6,0,3,3,7,4,4,5,6,3,6,1,0,0,0,2,engineering,Engineering,26,1,0,1,0,0,0,0,-0.079,-0.242,-0.277,-0.17
264,0,5,5,7,6,5,5,6,5,5,5,4,7,6,4,6,5,6,5,5,0,2,1,4,3,5,3,2,2,3,1,0,0,0,1,mechanical engineering,Engineering,23,1,0,0,0,0,0,1,-0.131,-0.08,-0.102,-0.11
265,0,5,5,5,6,5,5,5,5,5,6,6,5,6,6,5,6,6,5,5,0,1,1,1,1,,2,4,2,1,0,1,0,0,1,mechanical and aerospace engineering,Engineering,26,1,0,1,0,0,0,0,-0.08,-0.167,-0.167,-0.124
266,0,6,7,7,6,6,6,7,5,5,6,6,5,5,6,6,7,5,5,5,0,1,1,1,1,5,2,5,2,1,0,1,0,0,5,mechanical and aerospace engineering,Engineering,23,1,0,0,1,0,0,0,0.006,0.063,-0.027,0.012
267,0,5,5,6,6,5,5,5,5,5,5,5,5,5,6,5,5,5,6,6,0,4,3,2,3,3,3,3,3,4,1,0,0,0,1,mechanical and aerospace engineering,Engineering,29,1,0,1,0,0,0,0,-0.083,-0.17,-0.127,-0.117
268,0,6,6,7,6,5,5,6,6,6,6,6,6,4,6,6,6,6,5,5,0,3,1,3,4,5,4,3,5,4,0,1,0,0,1,mechanical and aerospace engineering,Engineering,23,1,0,0,0,1,0,0,0.037,0.037,0.157,0.066
269,0,6,6,6,6,6,6,6,7,6,6,7,6,6,6,5,6,6,5,7,0,1,1,1,1,4,5,4,2,2,0,1,0,0,1,mechanical and aerospace engineering,Engineering,24,1,0,1,1,0,0,0,0.446,0.072,0.398,0.334
270,0,6,6,6,6,5,5,5,6,6,6,5,5,5,5,6,5,6,4,5,0,3,4,5,3,,4,4,5,3,1,0,0,0,2,mechanical and aerospace engineering,Engineering,27,0,0,1,1,0,0,0,-0.201,-0.068,-0.133,-0.149
271,0,5,6,6,5,6,5,5,5,6,5,5,6,4,4,4,4,5,5,4,0,2,2,2,2,2,2,2,2,1,0,1,0,0,1,electrical and computer engineering,Engineering,24,0,0,0,1,0,0,0,-0.383,-0.339,-0.295,-0.348
272,0,6,6,7,6,7,4,7,7,7,7,6,6,7,6,6,6,5,5,7,0,5,1,3,2,2,4,2,3,4,0,1,0,0,2,controls,Other,25,1,0,0,1,0,0,0,0.512,0.147,0.523,0.417
273,0,6,5,7,6,5,5,5,7,7,5,6,6,5,7,6,6,6,7,5,0,2,3,2,4,5,3,4,2,1,1,0,0,0,1,mechanical and aerospace engineering,Engineering,26,1,0,1,0,0,0,0,0.232,0.052,0.564,0.266
274,0,3,3,6,6,3,4,4,3,3,5,5,3,3,3,5,3,4,3,2,0,1,1,2,1,1,1,3,2,1,0,1,0,0,1,mechanical and aerospace engineering,Engineering,29,1,0,0,1,0,0,0,-1.298,-0.559,-1.48,-1.145
275,0,6,6,6,6,6,6,6,6,6,6,6,7,6,6,6,6,6,6,6,0,1,1,1,1,1,1,1,1,1,0,1,0,0,1,mechanical and aerospace engineering,Engineering,22,1,0,0,0,1,0,0,0.388,0.115,0.416,0.322
276,0,6,5,7,7,6,5,6,7,5,7,5,6,5,4,7,6,4,4,4,0,2,1,2,4,5,1,4,3,1,0,1,0,0,1,mechanical engineering,Engineering,27,1,0,1,0,0,0,0,-0.198,0.131,-0.177,-0.106
277,0,6,4,6,5,5,5,5,5,4,5,5,6,6,6,6,6,6,7,6,0,4,5,4,5,3,4,3,4,4,1,0,0,0,1,chemistry,Physical Science and Math,26,1,0,1,0,0,0,0,0.079,-0.116,0.038,0.018
278,0,5,6,6,7,7,6,5,6,6,6,6,6,5,6,7,7,6,6,7,0,2,1,4,1,4,2,2,1,1,1,0,0,0,1,chemistry,Physical Science and Math,28,1,0,1,0,0,0,0,0.412,0.204,0.376,0.347
280,0,6,7,7,7,7,5,7,7,7,7,6,5,6,7,7,7,7,7,7,0,7,7,1,5,7,7,7,7,7,1,0,0,0,1,chemistry,Physical Science and Math,23,0,1,0,0,0,0,0,0.614,0.353,0.972,0.632
283,0,6,6,7,7,6,6,5,5,5,5,5,5,5,5,7,6,4,4,5,0,2,3,3,1,5,2,3,5,2,1,0,0,0,1,chemistry,Physical Science and Math,24,0,0,0,1,0,0,0,-0.203,0.056,-0.424,-0.189
285,0,7,7,7,7,7,7,7,7,7,7,6,7,6,7,6,6,6,6,6,0,2,2,2,4,4,4,3,4,2,1,0,0,0,1,chemistry,Physical Science and Math,23,0,0,1,0,0,0,0,0.643,0.403,0.808,0.618
286,0,7,7,7,7,5,7,6,7,7,7,7,7,7,7,7,5,6,7,7,0,5,7,2,1,2,4,7,5,4,1,0,0,0,1,chemistry,Engineering,26,1,0,1,0,0,0,0,0.806,0.491,0.933,0.752
287,0,6,5,5,5,5,5,5,5,5,5,5,4,4,5,5,5,5,5,5,0,1,1,1,1,1,4,1,1,4,0,1,0,0,1,statistics,Physical Science and Math,22,0,1,1,0,0,0,0,-0.44,-0.33,-0.405,-0.401
289,0,6,5,4,6,4,3,5,7,7,6,5,5,6,7,6,5,6,6,4,0,6,7,5,5,5,4,6,6,6,0,1,0,0,1,computer science,Engineering,22,0,0,1,0,0,0,0,-0.107,-0.199,0.275,-0.037
291,0,5,6,6,7,7,5,7,6,6,7,6,5,6,7,6,6,6,6,6,0,7,6,5,7,7,6,7,5,6,0,1,0,0,1,computer science,Engineering,24,1,0,1,0,0,0,0,0.366,0.158,0.483,0.339
293,0,5,5,5,5,5,5,5,5,5,5,5,5,5,5,5,5,5,5,5,0,3,2,3,3,2,2,2,2,2,0,1,0,0,1,statistics,Physical Science and Math,23,1,0,1,0,0,0,0,-0.318,-0.327,-0.359,-0.33
295,0,6,6,6,5,6,5,6,6,6,6,5,6,6,7,6,6,6,6,6,0,1,1,2,2,1,4,2,2,2,0,1,0,0,1,biostatistics,Interdisciplinary,32,0,0,1,0,0,0,0,0.269,-0.011,0.346,0.214
296,0,5,5,6,5,6,4,4,6,5,4,5,5,6,4,3,4,5,7,6,0,3,3,4,2,2,5,4,4,3,0,1,0,0,1,statistics,Physical Science and Math,25,1,0,1,0,0,0,0,-0.177,-0.436,-0.087,-0.222
297,0,5,6,5,6,5,4,5,4,5,5,6,5,5,6,5,5,5,5,5,0,4,2,3,2,2,3,2,1,2,1,0,0,0,3,computer science,Engineering,27,1,0,1,0,0,0,0,-0.206,-0.301,-0.394,-0.276
298,0,6,6,4,4,6,5,2,6,5,.,4,4,6,6,5,4,6,2,6,0,5,4,2,2,3,2,2,2,4,0,1,0,0,1,computer science / statistics,Interdisciplinary,25,1,0,1,0,0,0,0,-0.361,-0.459,-0.787,-0.49
299,0,5,7,3,6,6,7,5,5,7,6,3,6,6,7,7,5,5,5,5,0,6,4,6,4,3,4,2,3,1,0,1,0,0,2,computer science / statistics,Interdisciplinary,26,0,0,1,0,0,0,0,-0.023,-0.041,-0.011,-0.025
300,0,6,5,6,6,6,6,5,6,5,4,4,5,6,6,6,5,5,6,6,0,3,2,4,2,3,2,3,3,2,0,1,0,0,.,biostatistics,Interdisciplinary,22,0,0,1,0,0,0,0,-0.014,-0.082,-0.002,-0.029
301,0,3,4,5,5,5,4,5,6,6,6,5,5,4,4,6,6,6,6,5,0,3,2,4,3,5,4,3,2,3,1,0,0,0,2,transportation,Interdisciplinary,26,1,0,1,0,0,0,0,-0.317,-0.282,0.007,-0.227
302,0,6,6,7,6,6,7,5,5,5,5,6,6,5,6,6,6,5,4,5,0,5,1,3,1,4,4,3,3,4,0,1,0,0,1,electrical engineering,Engineering,23,1,0,0,1,0,0,0,0.011,0.039,-0.276,-0.052
303,0,6,5,7,5,5,5,5,4,4,5,5,5,4,4,5,5,4,5,4,0,5,3,4,2,4,2,3,4,4,1,0,0,0,1,electrical engineering,Engineering,23,0,0,1,0,0,0,0,-0.566,-0.285,-0.687,-0.52
304,0,6,5,7,7,3,5,6,4,5,5,5,5,7,.,4,6,4,.,.,0,.,.,1,.,4,3,.,2,.,0,1,0,0,0,electrical engineering,Engineering,21,1,0,0,1,0,0,0,-0.305,-0.163,-0.465,-0.306
305,0,6,4,6,5,6,6,4,5,4,6,6,5,3,6,6,4,4,3,5,0,4,1,5,3,5,5,5,3,5,0,1,0,0,1,mterials science,Engineering,22,1,0,1,0,0,0,0,-0.3,-0.147,-0.771,-0.375
308,0,5,3,6,6,3,3,4,4,3,4,5,4,5,5,4,4,3,3,3,0,1,4,5,1,5,2,2,1,1,1,0,0,0,2,physics,Physical Science and Math,24,1,0,0,1,0,0,0,-0.926,-0.594,-1.338,-0.937
309,0,5,5,7,4,6,4,3,5,6,5,5,6,4,6,5,6,4,5,4,0,3,5,5,2,5,4,4,5,3,1,0,0,0,1,electrical and computer engineering,Engineering,26,1,0,1,0,0,0,0,-0.315,-0.349,-0.477,-0.363
314,0,4,3,4,4,3,5,3,5,5,5,5,5,6,6,5,5,6,5,5,0,2,2,3,2,5,2,4,3,4,0,1,0,0,1,electrical and computer engineering,Engineering,21,0,0,1,0,0,0,0,-0.35,-0.461,-0.459,-0.405
315,0,6,5,7,5,6,4,3,,2,6,6,5,3,6,6,6,4,3,6,0,1,1,2,1,2,2,4,3,4,1,0,0,0,1,electrical engineering,Engineering,23,1,0,0,1,0,0,0,-0.307,-0.219,-1.088,-0.475
317,0,3,2,7,7,7,7,7,7,7,7,7,7,7,7,7,7,7,7,7,0,4,4,1,6,7,7,7,7,7,1,0,0,0,2,nanotechnology / device physics,Physical Science and Math,34,0,0,0,0,0,0,1,0.902,0.439,1.096,0.825
318,0,5,5,7,7,6,5,5,4,.,6,6,6,7,7,6,6,5,5,6,0,4,1,4,1,4,2,4,4,4,1,0,0,0,2,VLS! Design,Humanities,23,1,0,1,0,0,0,0,0.28,0.089,-0.129,0.128
319,0,7,7,7,7,7,6,7,7,7,7,7,7,6,7,7,7,7,7,7,0,3,2,.,2,2,2,4,4,4,1,0,0,0,2,VLSI design,Humanities,27,1,0,1,0,0,0,0,0.868,0.468,1.089,0.815
320,0,7,7,7,7,5,5,6,7,4,5,7,7,6,5,6,6,7,6,6,0,2,1,4,1,5,4,5,4,3,0,1,0,0,2,electrical and mechanical engineergin,Engineering,26,1,0,1,0,0,0,0,0.349,0.132,0.377,0.298
321,0,6,5,7,6,5,7,3,4,4,6,5,5,4,5,3,5,2,4,5,0,5,3,2,2,4,1,3,6,5,1,0,0,0,2,electrical engineering,Engineering,25,1,0,0,1,0,0,0,-0.485,-0.206,-1.031,-0.545
322,0,7,5,7,7,5,6,6,6,6,4,7,6,4,7,6,6,7,4,6,0,6,2,5,5,6,6,6,7,6,1,0,0,0,1,electrical engineering,Engineering,30,1,0,0,0,0,0,1,0.265,0.101,0.213,0.208
323,0,5,4,6,6,4,3,2,3,4,4,5,3,5,3,4,2,2,3,3,0,2,1,5,2,3,4,5,2,2,1,0,0,0,1,electrical engineering,Engineering,24,1,0,0,1,0,0,0,-1.157,-0.654,-1.632,-1.138
324,0,3,6,6,6,6,6,6,5,5,6,6,6,5,6,5,6,6,6,6,0,1,1,4,1,2,3,3,2,2,0,1,0,0,2,electrical engineering,Engineering,24,0,0,0,1,0,0,0,0.168,-0.055,0.128,0.099
325,0,6,6,5,4,7,6,6,5,3,7,6,6,5,5,4,5,5,6,6,0,2,2,2,2,1,3,2,5,4,1,0,0,0,1,hydrology,Interdisciplinary,27,1,0,1,1,0,0,0,0.033,-0.201,-0.204,-0.087
326,0,4,5,6,6,4,6,5,4,5,6,6,5,6,5,6,5,6,6,7,0,1,1,1,1,5,5,5,3,4,1,0,0,0,1,transportation,Interdisciplinary,43,0,0,1,0,0,0,0,0.065,-0.014,-0.051,0.015
328,0,7,6,7,7,6,6,6,7,6,6,6,6,6,6,7,6,6,6,6,0,5,2,4,2,5,6,5,5,4,1,0,0,0,2,infectious disease epidemiology,Biological,29,0,0,0,1,0,0,0,0.391,0.298,0.536,0.401
329,0,7,6,7,7,7,7,6,5,5,6,5,6,6,6,7,7,6,6,6,0,6,6,3,4,6,5,3,7,6,1,0,0,0,2,epidemiology,Biological,32,1,0,0,1,0,0,0,0.305,0.306,0.251,0.291
330,0,7,6,6,6,6,4,6,7,6,5,6,6,5,5,7,6,5,5,5,0,5,3,4,4,4,5,5,6,6,1,0,0,0,2,epidemiology,Biological,28,1,0,0,1,0,0,0,0.039,-0.03,0.154,0.049
335,0,7,6,7,7,7,6,6,6,6,7,6,5,6,5,6,6,5,5,5,0,3,1,1,2,5,5,4,3,2,1,0,0,0,1,epidemiology,Biological,26,0,0,0,1,0,0,0,0.104,0.219,0.146,0.144
337,0,7,5,7,7,7,5,5,7,6,7,6,5,6,7,7,6,6,6,6,0,3,4,6,3,5,7,2,7,7,1,0,0,0,4,epidemiology,Biological,30,0,0,0,1,0,0,0,0.398,0.298,0.472,0.389
338,0,7,7,7,7,5,3,6,7,7,7,7,5,7,5,6,6,7,7,7,0,6,5,7,4,7,4,6,4,7,1,0,0,0,3,epidemiology,Biological,27,0,0,0,0,0,1,0,0.451,0.193,0.812,0.471
341,0,6,5,7,7,5,5,5,5,4,4,6,5,7,5,6,7,5,4,3,0,4,4,6,2,3,4,5,6,3,0,1,0,0,1,MPH,Social Science,22,0,0,1,0,0,0,0,-0.341,-0.121,-0.53,-0.329
342,0,6,3,7,6,5,4,3,3,3,5,5,3,5,6,7,6,4,3,4,0,5,2,2,1,2,1,2,3,3,0,1,0,1,3,public health and medicine,Social Science,27,0,0,0,1,0,0,0,-0.672,-0.232,-1.248,-0.696
343,0,6,6,7,7,5,6,6,6,6,6,4,5,7,7,7,6,7,4,4,0,6,4,4,6,7,7,7,7,7,0,1,0,0,1,public health,Social Science,25,0,0,0,1,0,0,0,-0.033,0.176,0.117,0.059
344,0,6,6,6,7,7,7,7,7,6,6,4,6,5,5,7,6,4,5,5,0,2,3,2,2,4,4,4,2,2,0,1,0,0,1,public health,Social Science,24,1,0,1,0,0,0,0,0.022,0.191,0.187,0.107
345,0,6,6,6,6,6,5,6,5,5,5,5,5,6,5,6,6,5,4,4,0,2,2,1,2,2,4,4,2,2,0,1,0,0,1,public health,Social Science,22,1,0,1,1,0,0,0,-0.284,-0.149,-0.357,-0.266
346,0,6,5,6,6,6,5,5,6,6,6,5,5,6,5,6,6,6,5,5,0,2,1,2,4,3,2,2,1,0,0,1,0,0,1,public health,Social Science,25,0,0,0,1,0,0,0,-0.079,-0.035,0.033,-0.04
347,0,7,7,7,7,6,6,6,7,6,6,7,6,6,7,6,7,7,7,7,0,7,6,7,7,7,7,7,7,7,0,1,0,0,1,health education,Interdisciplinary,22,1,0,1,0,0,0,0,0.662,0.313,0.824,0.608
348,0,6,7,7,7,6,6,6,7,7,7,6,6,6,6,7,6,6,6,6,0,2,2,1,5,6,6,6,2,5,0,1,0,0,1,public health,Social Science,24,1,0,0,1,0,0,0,0.429,0.343,0.649,0.459
349,0,6,6,7,5,6,7,6,7,4,6,5,4,5,6,3,6,6,5,5,0,5,7,7,4,5,6,6,6,5,1,0,0,0,1,transportation,Interdisciplinary,24,1,0,1,0,0,0,0,-0.178,-0.134,-0.057,-0.136
350,0,7,6,7,7,7,7,7,7,7,7,6,6,7,7,7,7,6,6,7,0,7,3,6,6,5,5,6,6,7,1,0,0,0,1,process control,Other,25,1,0,0,1,0,0,0,0.726,0.472,0.852,0.688
351,0,5,6,6,6,5,5,5,5,5,6,5,5,6,5,6,5,5,5,5,0,5,4,6,3,3,4,3,5,4,1,0,0,0,1,civil engineering,Engineering,28,1,1,0,1,0,0,0,-0.201,-0.099,-0.27,-0.191
353,0,5,4,5,5,3,4,3,5,5,5,5,6,5,5,6,5,6,4,5,0,5,3,5,3,2,2,2,4,5,0,1,0,0,.,numerical computaion,Physical Science and Math,23,0,0,1,0,0,0,0,-0.37,-0.345,-0.557,-0.408
354,0,7,6,7,7,7,6,7,6,5,7,7,7,5,5,6,7,6,6,5,0,5,6,7,5,6,7,6,5,6,0,1,0,0,1,engergy systems,Physical Science and Math,25,1,0,0,1,0,0,1,0.337,0.277,0.406,0.337
356,0,7,7,6,6,6,7,5,4,7,5,5,2,5,5,7,6,7,6,6,0,1,1,2,1,4,5,4,5,6,0,1,0,0,1,Horticulture & Agronomy,Agricultural and Environmental Sciences Graduate Programs,33,1,0,0,1,0,0,0,-0.197,0.065,0.12,-0.05
357,0,6,4,6,6,4,5,5,4,4,4,5,4,,4,5,5,4,4,5,0,2,2,3,2,2,3,2,2,2,1,0,0,0,2,viticulture and enology,Agricultural and Environmental Sciences Graduate Programs,28,0,0,1,0,0,0,0,-0.606,-0.34,-0.826,-0.588
358,0,7,6,6,6,5,5,5,5,6,5,6,6,7,7,6,6,6,6,5,0,4,3,4,5,5,4,5,6,2,1,0,0,0,1,Horticulture & Agronomy,Agricultural and Environmental Sciences Graduate Programs,24,1,0,1,0,0,0,0,0.206,-0.008,0.175,0.141
362,0,5,5,6,6,5,6,6,5,5,6,6,6,5,6,5,5,5,6,5,0,4,4,5,4,4,4,5,5,5,1,0,0,0,1,agroecology,Agricultural and Environmental Sciences Graduate Programs,27,0,0,1,0,0,0,0,0.019,-0.049,0.002,-0.003
363,0,6,6,6,5,6,6,5,6,5,6,6,5,6,6,6,6,6,4,4,0,2,1,4,1,4,3,3,4,1,0,1,0,0,1,seed physiology,Agricultural and Environmental Sciences Graduate Programs,23,0,0,1,0,0,0,0,-0.111,-0.07,-0.19,-0.119
365,0,7,6,6,7,6,6,6,5,6,5,6,5,5,6,6,6,5,6,5,0,2,3,4,3,2,2,2,2,4,0,1,0,0,1,horticulture & Agronomy,Agricultural and Environmental Sciences Graduate Programs,24,0,0,1,0,0,0,0,0.041,0.063,0.123,0.067
366,0,2,6,7,4,5,4,6,4,4,6,5,5,5,6,5,5,6,5,5,0,1,1,1,1,2,2,1,1,2,0,1,0,0,1,postharvest molecular biology,Biological,23,0,,1,0,0,0,0,-0.271,-0.345,-0.38,-0.316
367,0,7,6,7,6,6,7,5,5,4,6,5,4,4,1,5,5,6,5,4,0,2,2,6,6,,4,2,2,1,0,0,0,0,1,microb-plant interactions,,28,1,0,0,0,1,0,0,-0.659,-0.064,-0.452,-0.45
368,0,6,5,6,6,5,6,5,5,6,6,5,3,5,5,4,5,5,5,5,0,2,3,4,1,3,2,4,1,3,0,1,0,0,1,horticulture & Agronomy,Agricultural and Environmental Sciences Graduate Programs,23,0,0,0,1,0,0,0,-0.397,-0.168,-0.266,-0.303
369,0,7,5,6,7,6,4,6,6,6,6,6,5,6,5,7,6,6,6,4,0,7,2,3,2,6,5,4,6,6,0,1,0,0,1,horticulture & Agronomy,Agricultural and Environmental Sciences Graduate Programs,24,1,0,0,1,0,0,0,-0.028,0.074,0.253,0.068
370,0,7,7,6,7,5,5,7,5,7,6,4,4,6,,6,5,6,6,6,0,2,2,6,1,6,6,6,3,2,0,1,0,0,1,agriculture propagation,Agricultural and Environmental Sciences Graduate Programs,24,1,0,0,1,0,0,0,-0.027,0.073,0.328,0.087
371,0,6,6,6,5,5,6,6,5,5,4,4,3,4,6,5,5,4,4,5,0,2,2,2,2,4,4,4,3,`,0,1,0,0,1,horticulture & Agronomy,Agricultural and Environmental Sciences Graduate Programs,33,1,0,0,1,0,0,0,-0.545,-0.32,-0.56,-0.488
372,0,5,6,6,6,5,6,6,5,6,6,6,4,5,5,5,5,5,5,5,0,6,5,5,5,4,4,5,4,4,0,1,0,0,.,horticulture & Agronomy,Agricultural and Environmental Sciences Graduate Programs,24,1,0,0,1,0,0,0,-0.217,-0.096,-0.118,-0.16
375,0,5,7,7,7,4,7,6,5,6,7,5,4,6,4,5,5,7,5,4,0,4,3,3,2,5,4,4,3,2,1,0,0,0,1,"agronomy, agroecology",Agricultural and Environmental Sciences Graduate Programs,23,0,0,0,1,0,0,0,-0.333,0.092,0.02,-0.133
376,0,5,5,6,6,5,4,4,5,5,5,3,4,4,4,5,4,5,4,5,0,2,2,2,2,3,4,4,4,4,1,0,0,0,1,horticulture & Agronomy,Agricultural and Environmental Sciences Graduate Programs,24,0,0,0,1,0,0,0,-0.682,-0.355,-0.68,-0.593
377,0,5,7,5,6,6,6,5,7,7,6,5,5,6,5,7,6,7,6,5,0,6,7,6,7,6,6,7,7,6,0,1,0,0,1,horticulture & Agronomy,Agricultural and Environmental Sciences Graduate Programs,23,0,0,0,1,0,0,0,0.04,0.05,0.451,0.144
380,0,6,5,6,7,6,4,4,6,7,6,7,6,5,4,5,5,7,6,5,0,2,2,4,1,2,1,3,2,1,0,1,0,0,.,horticulture & Agronomy,Agricultural and Environmental Sciences Graduate Programs,26,1,0,0,0,1,0,0,0.074,-0.029,0.299,0.102
381,0,6,5,5,4,5,4,4,5,6,5,5,4,5,6,6,6,5,5,5,0,3,4,4,3,6,5,4,5,5,1,0,0,,1,plant sciences,Agricultural and Environmental Sciences Graduate Programs,33,1,0,0,0,1,0,0,-0.338,-0.359,-0.349,-0.345
384,0,6,5,5,4,4,4,5,5,5,4,4,5,4,4,5,5,4,5,4,0,5,3,3,4,3,4,3,4,5,0,1,0,0,1,electrical engineering,Engineering,23,1,0,1,0,0,0,0,-0.707,-0.541,-0.619,-0.639
385,0,6,5,6,6,5,5,6,5,6,6,6,5,6,6,6,5,5,5,6,0,7,5,6,6,6,5,6,7,6,0,1,0,0,1,electrical engineering,Engineering,24,1,0,1,0,0,0,0,0.087,-0.01,0.012,0.042
387,0,6,6,6,6,6,7,6,6,5,6,6,5,6,6,6,5,5,6,6,0,4,4,4,4,4,4,5,5,4,0,1,0,0,2,electrical engineering,Engineering,26,1,0,1,0,0,0,0,0.191,0.11,0.18,0.166
388,0,5,5,6,5,6,5,5,4,4,5,4,4,4,5,5,6,4,4,4,0,2,2,4,2,3,2,3,4,2,0,1,0,0,1,electrical and computer engineering,Engineering,24,1,0,1,0,0,0,0,-0.665,-0.378,-0.856,-0.634
390,0,5,4,6,6,5,4,4,4,3,4,4,4,3,4,4,4,5,5,4,0,1,1,1,3,5,5,5,1,1,1,0,0,0,2,electrical engineering,Engineering,27,1,0,0,0,0,0,1,-0.842,-0.502,-0.919,-0.768
391,0,5,6,6,6,4,5,6,6,5,6,5,5,4,6,6,5,6,6,5,0,4,3,5,3,5,5,5,5,4,0,1,0,0,1,electrical engineering,Engineering,22,0,0,1,0,0,0,0,-0.17,-0.066,0.082,-0.08
392,0,7,5,7,6,5,5,7,7,5,4,6,5,5,6,6,6,5,4,5,0,4,2,6,2,5,4,5,3,2,1,0,0,0,2,process control,Other,25,1,0,0,0,1,0,0,-0.064,-0.073,-0.03,-0.058
393,0,6,5,5,4,5,6,4,5,5,4,3,3,3,4,5,5,4,4,5,0,7,5,4,3,4,3,3,7,5,0,1,0,0,1,electrical engineering,Engineering,23,0,0,1,0,0,0,0,-0.865,-0.495,-0.848,-0.761
394,0,6,6,6,6,7,6,5,7,6,6,5,6,5,7,6,5,6,5,5,0,1,1,3,1,3,3,3,5,5,0,1,0,0,1,electrical engineering,Engineering,24,1,0,0,1,0,0,0,0.17,0.065,0.227,0.156
395,0,5,5,5,4,5,5,6,5,5,5,5,5,5,6,6,6,6,5,6,0,5,5,5,5,4,4,4,5,5,0,1,0,0,1,electrical engineering,Engineering,24,1,0,1,0,0,0,0,-0.113,-0.281,-0.135,-0.162
396,0,7,5,6,6,5,5,6,5,5,5,6,5,3,3,2,5,6,3,2,0,1,1,1,1,4,2,4,2,1,0,1,0,0,1,mba,Social Science,31,1,0,0,1,0,0,0,-0.807,-0.442,-0.652,-0.67
398,0,6,5,7,7,5,7,6,7,7,6,6,5,5,6,6,6,7,6,5,0,5,5,4,3,6,4,6,6,2,0,1,0,0,0,mba,Social Science,23,0,0,0,1,0,0,1,0.161,0.24,0.601,0.289
399,0,7,6,7,7,6,7,6,7,5,7,7,6,7,7,6,5,4,6,6,0,4,6,3,2,7,6,4,6,3,0,1,0,0,1,mba,Social Science,26,1,0,1,0,0,0,0,0.515,0.347,0.358,0.431
400,0,6,6,6,6,6,6,6,6,6,6,4,5,5,5,6,6,4,5,5,0,2,3,1,1,4,4,5,6,5,0,1,0,0,1,mba,Social Science,23,1,0,0,1,0,0,0,-0.2,-0.019,-0.086,-0.124
403,0,6,5,7,6,7,6,4,5,5,6,6,4,5,6,7,7,3,4,5,0,1,1,1,4,2,3,3,4,1,0,1,0,0,1,mba,Social Science,27,0,0,1,0,0,0,0,-0.154,0.047,-0.546,-0.198
404,0,6,6,6,6,6,6,6,6,7,6,6,6,7,7,6,6,6,6,6,0,4,6,1,4,5,4,5,6,6,0,1,0,0,.,TECHNOLOGY MANAGEMENT,Interdisciplinary,28,0,0,1,0,0,0,0,0.446,0.134,0.532,0.384
405,0,6,6,7,6,6,5,6,7,6,5,5,5,6,5,7,6,6,4,5,0,1,1,1,4,5,2,2,1,1,0,1,0,0,1,MBA,Social Science,25,1,0,0,1,0,0,0,-0.052,0.019,0.089,0.002
406,0,6,7,7,6,6,6,6,5,5,7,7,5,6,7,7,7,5,5,6,0,7,6,5,6,7,5,4,7,4,0,1,0,0,1,MBA,Social Science,25,1,0,1,0,0,0,0,0.301,0.217,0.047,0.215
407,0,6,5,6,6,5,6,6,6,5,6,5,5,5,6,6,6,5,5,5,0,1,2,1,3,3,4,3,5,1,0,1,0,0,1,BUSINESS ADMIN,Social Science,29,1,0,1,0,0,0,0,-0.114,-0.004,-0.07,-0.074
408,0,7,7,7,6,7,6,7,7,6,6,6,7,5,7,7,6,7,5,4,0,3,2,1,5,6,2,3,3,3,0,1,0,0,1,mba,Social Science,28,0,0,0,0,1,0,0,0.321,0.229,0.521,0.345
409,0,6,6,7,5,6,4,5,6,5,5,7,6,4,5,6,6,5,4,5,0,2,2,1,4,6,6,6,7,1,0,1,0,0,1,mba,Social Science,33,1,0,0,1,0,0,0,-0.076,-0.166,-0.268,-0.147
410,0,6,6,6,7,5,6,5,6,5,4,5,6,6,5,5,6,6,5,5,0,1,1,1,1,3,3,3,4,1,0,1,0,0,1,mba,Social Science,27,1,0,0,0,1,0,0,-0.083,-0.094,-0.071,-0.083
411,0,6,7,6,4,6,6,7,6,6,6,4,5,6,5,7,6,6,4,6,0,1,1,1,2,5,5,5,1,3,0,1,0,0,1,mba,Social Science,28,0,.,.,.,.,.,.,-0.046,-0.044,0.063,-0.018
412,0,6,6,6,6,6,5,5,5,4,5,5,5,6,6,6,6,6,4,4,0,1,2,1,3,3,4,4,4,2,0,1,0,0,1,mba,Social Science,28,1,0,0,1,0,0,0,-0.244,-0.149,-0.428,-0.263
414,0,7,7,5,5,6,5,5,7,3,4,5,5,3,5,6,7,3,3,4,0,1,1,1,3,5,5,6,2,1,0,1,0,0,1,mba,Social Science,33,1,0,0,1,0,0,0,-0.572,-0.365,-0.848,-0.584
416,0,3,6,6,6,6,6,6,6,6,6,5,6,6,5,6,6,6,6,6,0,7,7,7,7,7,7,7,7,7,1,0,0,0,4,BME,Interdisciplinary,28,0,0,1,0,0,0,0,0.152,0.008,0.307,0.152
417,0,6,6,7,5,6,6,6,4,5,5,5,4,5,5,7,6,5,4,4,0,7,7,5,1,3,4,4,6,7,1,0,0,0,2,imaging (BME),Engineering,25,1,0,0,1,0,0,0,-0.407,-0.094,-0.474,-0.34
419,0,6,6,6,6,6,6,6,6,6,6,6,6,6,6,6,6,6,6,6,0,3,1,2,1,3,2,2,2,2,1,0,0,0,2,imaging,Engineering,23,1,0,1,0,0,0,0,0.306,0.1,0.383,0.27
420,0,5,4,6,6,6,5,4,6,6,4,4,5,4,4,6,6,6,5,5,0,5,5,4,4,3,3,3,3,6,1,0,0,0,2,BME,Interdisciplinary,24,1,0,1,0,0,0,0,-0.367,-0.218,-0.178,-0.28
421,0,4,5,6,6,6,6,4,4,4,5,4,5,6,6,6,6,5,5,4,0,4,4,4,2,3,4,3,6,6,1,0,0,0,2,BME,Interdisciplinary,24,0,0,0,1,0,0,0,-0.342,-0.171,-0.576,-0.354
422,0,7,6,7,6,5,6,6,7,4,5,6,6,4,5,6,7,7,6,4,0,2,3,4,1,5,4,4,5,5,1,0,0,0,,BME,Interdisciplinary,25,1,0,0,1,0,0,0,-0.098,0.034,0.192,0.009
423,0,6,7,7,7,7,6,7,6,7,7,5,5,5,5,7,5,5,6,6,0,6,2,3,3,7,7,6,3,2,1,0,0,0,2,BME,Interdisciplinary,26,1,0,0,1,0,0,0,0.183,0.288,0.46,0.278
425,0,6,5,6,5,5,5,5,4,4,6,5,6,5,4,6,5,4,5,5,0,5,4,3,2,4,5,6,6,6,1,0,0,0,2,BME,Interdisciplinary,2,0,0,0,1,0,0,0,-0.318,-0.179,-0.573,-0.343
426,0,6,6,6,6,4,4,5,3,3,5,6,5,3,5,6,7,3,4,6,0,4,4,5,2,4,5,4,5,5,1,0,0,0,2,BME,Interdisciplinary,24,0,0,0,1,0,0,0,-0.422,-0.267,-0.987,-0.519
427,0,6,5,7,7,6,4,6,5,4,6,6,6,6,5,7,6,5,5,4,0,1,1,1,2,3,2,2,1,4,0,1,0,0,2,physics,Physical Science and Math,24,1,1,0,0,0,0,0,-0.073,0.053,-0.216,-0.075
429,0,6,6,6,6,6,6,6,6,6,6,6,6,6,6,6,6,6,6,6,0,2,1,4,2,4,5,5,3,1,1,0,0,0,2,physics,Physical Science and Math,33,1,0,0,1,0,0,0,0.306,0.1,0.383,0.27
432,0,6,6,6,7,5,5,7,7,5,7,7,7,7,7,5,6,7,6,7,0,7,6,6,4,4,5,5,6,6,1,0,0,0,1,physics,Physical Science and Math,28,1,0,1,0,0,0,0,0.668,0.19,0.665,0.54
437,0,5,5,7,7,5,5,5,4,4,5,6,3,6,5,6,6,4,3,2,0,1,1,1,1,1,1,1,1,1,1,0,0,0,1,physics,Physical Science and Math,26,1,0,1,1,0,0,0,-0.721,-0.186,-0.951,-0.635
438,0,5,5,6,6,6,6,6,6,5,5,5,6,4,5,6,6,5,4,5,0,5,2,1,5,5,4,4,4,5,1,0,0,0,.,nuclear physics,Physical Science and Math,23,1,0,1,0,0,0,0,-0.162,-0.094,-0.219,-0.157
439,0,6,6,6,6,6,6,7,5,4,5,5,5,5,5,6,6,5,5,5,0,1,2,1,3,3,3,3,2,3,0,1,0,0,1,physics,Physical Science and Math,26,1,0,0,0,0,0,1,-0.188,-0.077,-0.218,-0.166
